RegionID,City,State,Zip Code,Latitude,Longitude
6181,New York,New York,10001,40.74841846379893,-73.99414662538305
17426,Chicago,Illinois,60601,41.88590973888887,-87.62384881079517
18959,Las Vegas,Nevada,89101,36.16754012512261,-115.1397390708225
38128,Dallas,Texas,75201,32.78591838122747,-96.79898740986125
10920,Columbus,Ohio,43085,40.09937865821035,-83.01535635988175
12455,Louisville,Kentucky,40202,38.251258306496524,-85.74953130976665
13121,Orlando,Florida,32801,28.54369969285714,-81.37867734893716
11093,Denver,Colorado,80202,39.75047244283387,-104.99667202434155
41568,Washington,District of Columbia,20001,38.91577904545211,-77.01780075676825
13373,Portland,Oregon,97201,45.50849526040868,-122.6927202533267
6118,Nashville,Tennessee,37201,36.165390218181834,-86.77491335920963
5976,Milwaukee,Wisconsin,53202,43.04878110657971,-87.89918243948371
40152,Omaha,Nebraska,68102,41.26096203127026,-95.93490843192167
33225,Oklahoma City,Oklahoma,73102,35.45077612039714,-97.51630135887922
54047,Raleigh,North Carolina,27601,35.77569627187468,-78.63620578646977
4172,Colorado Springs,Colorado,80902,38.75690697619047,-104.80612063249079
5983,Minneapolis,Minnesota,55401,44.98030381092867,-93.27195897032745
44055,Baton Rouge,Louisiana,70801,30.44967257142857,-91.18825912308387
16846,Aurora,Colorado,80010,39.747654686292734,-104.86042991143192
16764,Anaheim,California,92801,33.84972059565739,-117.94287382078076
25574,Lexington,Kentucky,40502,38.019129545617815,-84.4872850949603
18170,Fort Wayne,Indiana,46802,41.06941290557671,-85.15706869439919
20313,Saint Paul,Minnesota,55101,44.95626671213007,-93.08780471264137
19533,Naples,Florida,34102,26.147321411228212,-81.79731580645046
47945,Tallahassee,Florida,32301,30.435668599187384,-84.26374190271257
11867,Henderson,Nevada,89002,35.99861716333332,-114.94898312948244
32503,Lincoln,Nebraska,68502,40.785386564241826,-96.6933521262175
20604,Spokane,Washington,99201,47.66132581586539,-117.42909429783734
53856,Pensacola,Florida,32501,30.42023855692076,-87.22529853888044
398849,Madison,Wisconsin,53703,43.076431796775175,-89.38113091889922
52650,Irvine,California,92602,33.732597346693105,-117.77182782601952
26187,North Las Vegas,Nevada,89030,36.21915111065573,-115.10964668905407
30258,Arlington,Virginia,22201,38.886106852469396,-77.10087405524759
7222,Springfield,Missouri,65802,37.21147456810666,-93.30666755935674
14701,Woodbridge,Virginia,22191,38.64505962810414,-77.2569240941955
24821,Gainesville,Florida,32601,29.648850667246183,-82.32637849613738
34937,Yonkers,New York,10701,40.94329052192868,-73.88601984537547
10215,Aurora,Illinois,60502,41.79098534391594,-88.25875979931293
21320,Wilmington,North Carolina,28401,34.234318467582426,-77.94055099514162
25218,Huntington Beach,California,92646,33.66822076890284,-117.96789772829062
38438,Eugene,Oregon,97401,44.052062913754305,-123.08546682624394
33501,Port Saint Lucie,Florida,34952,27.29204376611316,-80.29780764669377
54288,Salinas,California,93901,36.668259592836215,-121.64553152842092
52998,Little Rock,Arkansas,72201,34.74927843521142,-92.28525841302428
31471,Evansville,Indiana,47708,37.973866151315775,-87.57247620424651
40202,Overland Park,Kansas,66204,38.988495015807175,-94.67505408761436
20317,Salem,Oregon,97301,44.93962618067226,-123.0116011857025
30381,Beaverton,Oregon,97003,45.50526595610471,-122.877088659611
11337,Escondido,California,92025,33.10664496940168,-117.06877273536956
4054,Charleston,South Carolina,29401,32.7815147896306,-79.93509224815946
19523,Murfreesboro,Tennessee,37127,35.784870910687005,-86.36010513420153
40492,Rancho Cucamonga,California,91701,34.1391631354867,-117.6120480161814
11529,Fredericksburg,Virginia,22401,38.299406023686096,-77.47703384212096
5424,Killeen,Texas,76541,31.115535147786456,-97.72986731716418
40227,Palmdale,California,93550,34.57244974666666,-118.08200349916497
10843,Clarksville,Tennessee,37040,36.54933500786588,-87.34592775678533
39931,Naperville,Illinois,60540,41.767627490004806,-88.161380474429
38328,Edmond,Oklahoma,73003,35.63897519881754,-97.53815966412911
182023,Henrico,Virginia,23075,37.543176267095554,-77.32243779177045
5519,Lakewood,Colorado,80722,40.5380739725627,-103.27248704962
20008,Pomona,California,91766,34.04074011893167,-117.7518241291704
8097,Ann Arbor,Michigan,48103,42.276251772730504,-83.79533196153221
54626,Sunnyvale,California,94085,37.38605403018868,-122.01669147940767
398300,Lansing,Michigan,48906,42.763501945383965,-84.5608960541933
51297,Cary,North Carolina,27511,35.76226257294572,-78.77756259145124
10918,Columbia,Missouri,65201,38.934650457414016,-92.29671835855945
12694,Mesquite,Texas,75149,32.76687503954722,-96.61232803353901
5914,Metairie,Louisiana,70001,29.984995812152576,-90.16564579561714
54722,Torrance,California,90501,33.82308938589283,-118.31916197449047
51447,Clearwater,Florida,33755,27.978039482302922,-82.78006630860533
24174,Compton,California,90220,33.88488700805826,-118.23822893118933
45888,Inglewood,California,90301,33.988269556108605,-118.37410273442688
33230,Olathe,Kansas,66061,38.89894640198022,-94.8284307387089
20793,Thornton,Colorado,80241,39.92160862253521,-104.95969041560923
30543,Boulder,Colorado,80301,40.04990576494393,-105.19755177178362
17321,Carrollton,Texas,75006,32.9665368431672,-96.88964638023529
34278,Thousand Oaks,California,91360,34.19563460545455,-118.88045067086253
27683,Victorville,California,92392,34.47729336666667,-117.33871779514375
11786,Hamilton,Ohio,45011,39.393149460512156,-84.50424538170161
13234,Pearland,Texas,77581,29.558064790623845,-95.26195838364859
54522,Springfield,Illinois,62701,39.79963791104973,-89.64930121757392
16726,Allentown,Pennsylvania,18101,40.6051146570685,-75.4678261729881
6103,Murrieta,California,92562,33.567828984894824,-117.22282847099396
32238,Joliet,Illinois,60431,41.54701680965355,-88.27692881041217
33136,Norman,Oklahoma,73026,35.22916956372246,-97.31386304181937
33024,Nampa,Idaho,83651,43.60620958414325,-116.61963879565936
34781,Westminster,Colorado,80030,39.856656362135936,-105.04422525713797
44655,Clovis,California,93611,36.82912365915421,-119.69236999843089
26751,Richmond,California,94801,37.93406647080575,-122.37792955569849
10181,Arvada,Colorado,80002,39.795049015686274,-105.08131869074398
30840,Charlottesville,Virginia,22901,38.070214647345274,-78.50371689501613
14208,Tuscaloosa,Alabama,35401,33.194742751950486,-87.56784190568058
51861,El Monte,California,91731,34.075221705559215,-118.04022033886444
34543,Ventura,California,93001,34.28490644791317,-119.28861332294655
39420,Lewisville,Texas,75057,33.01641049779106,-96.9813454037639
14542,West Covina,California,91790,34.06640037218058,-117.9382423692552
17943,Elgin,Illinois,60120,42.03687682350779,-88.26429012172287
11726,Greenville,North Carolina,27834,35.62186453975184,-77.39847207912158
19172,Manassas,Virginia,20109,38.784821823779495,-77.51152028615682
11914,Hillsboro,Oregon,97123,45.49972766348097,-122.94534227350803
45548,Green Bay,Wisconsin,54301,44.486353976457934,-88.02038512047565
54121,Richardson,Texas,75080,32.96523041916345,-96.74558680322752
41629,West Chester,Pennsylvania,19380,39.98353038281101,-75.59546136002155
53636,Norwalk,California,90650,33.90759488308463,-118.08475795155474
16780,Antioch,California,94509,38.003053082,-121.81040435479889
18053,Fairfield,California,94533,38.26423879358975,-122.04332101768043
4626,Everett,Washington,98201,47.989954086956494,-122.20208124026493
11335,Erie,Pennsylvania,16501,42.123722349999994,-80.08332664191322
6790,Riverview,Florida,33569,27.855429069443257,-82.31812169383126
41446,Vacaville,California,95687,38.34905514955947,-121.97076649953215
31819,Grand Junction,Colorado,81501,39.077021109123834,-108.54758283682123
45732,Hesperia,California,92344,34.409760625,-117.38725220443564
13699,San Mateo,California,94401,37.56462673402062,-122.32106410258969
45339,Franklin,Tennessee,37064,35.90437546126269,-86.86606658180322
25855,Merced,California,95340,37.31639243051783,-120.45520131412711
32489,Lexington,South Carolina,29072,33.99130487558413,-81.25488264298544
17386,Chapel Hill,North Carolina,27514,35.944320610329264,-79.03800256738151
33645,Rialto,California,92376,34.1151291974359,-117.39435318791276
10917,Columbia,Maryland,21044,39.21138239615816,-76.87965350577723
46508,Meridian,Idaho,83642,43.59069012245927,-116.3883152851739
32452,Lawrence,Kansas,66044,38.96682736099623,-95.23878052268516
11695,Greeley,Colorado,80631,40.41194859375,-104.69730476904851
39386,League City,Texas,77573,29.498070607389014,-95.10865092359022
12773,Mission Viejo,California,92691,33.614618414436414,-117.66557058051434
32540,Livermore,California,94550,37.67517326263379,-121.75509123023458
53978,Portsmouth,Virginia,23701,36.80965797236636,-76.3692236804929
42150,Hawthorne,California,90250,33.92291718197,-118.34873156477205
52696,Johnson City,Tennessee,37601,36.33432894886623,-82.34241039662975
39097,Idaho Falls,Idaho,83401,43.51971125645162,-112.0075389240074
50779,Asheville,North Carolina,28801,35.595068857748934,-82.55510534709673
16773,Annapolis,Maryland,21401,38.984922760015564,-76.51689705332227
41059,Sterling,Virginia,20164,39.00710915577091,-77.3978672790512
50741,Apopka,Florida,32703,28.663085719315802,-81.5055547383544
5891,Medford,Oregon,97501,42.31322278950805,-122.89012099575379
23444,Allen,Texas,75002,33.09664441658075,-96.62823203399647
26534,Plainfield,Illinois,60544,41.65618094362746,-88.21257717950898
54219,Roswell,Georgia,30075,34.046295925740914,-84.3806711198685
44641,Cleveland,Tennessee,37311,35.15438089569165,-84.8839830829404
41715,Williamsburg,Virginia,23185,37.25602108295043,-76.70716225667314
39398,Lees Summit,Missouri,64063,38.912430161352646,-94.35225886698315
53569,Newnan,Georgia,30263,33.38578629255618,-84.80220236915325
10700,Canton,Michigan,48187,42.32821253053803,-83.47029940886807
38968,Herndon,Virginia,20170,38.9739584027125,-77.37290152103066
31567,Flagstaff,Arizona,86001,35.19631822066271,-111.65654053364986
44583,Chino,California,91708,33.958431489583326,-117.64879801092604
38581,Fort Pierce,Florida,34945,27.42448219014571,-80.43603995299203
53571,Newport Beach,California,92660,33.63221158565527,-117.87749834494784
41587,Waukegan,Illinois,60085,42.35817968665964,-87.86139072518169
47080,Pflugerville,Texas,78660,30.454537382699723,-97.60609868061613
10451,Bloomington,Minnesota,55796,47.92962756666666,-91.80029643333332
32563,Longmont,Colorado,80501,40.170957275286426,-105.10600123167436
24120,Clifton,New Jersey,7011,40.8785913,-74.1539341
39133,Jackson,Tennessee,38301,35.61072465072433,-88.8199495985511
24967,Gresham,Oregon,97030,45.50755095351105,-122.43120980697458
7476,Troy,Michigan,48083,42.55438811430853,-83.11681967204541
32311,Kingsport,Tennessee,37660,36.54455426663845,-82.56829232763076
46863,Ogden,Utah,84401,41.209867303183245,-112.0167139440653
54529,Stafford,Virginia,22554,38.44436228178189,-77.40852491247965
53148,Manteca,California,95336,37.80804515759494,-121.21292400514878
51239,Camarillo,California,93010,34.225576212000014,-119.05701489462108
45243,Farmington Hills,Michigan,48331,42.51044348475779,-83.40973868909383
50742,Apple Valley,California,92307,34.50609796944445,-117.25598031541064
6365,Oviedo,Florida,32765,28.64616286616934,-81.2185561578941
12864,Mount Pleasant,South Carolina,29464,32.81579078186367,-79.85585614376963
24245,Covina,California,91722,34.095163825494346,-117.91160773681565
27512,Upland,California,91784,34.1340677745923,-117.66250216537274
24359,Deltona,Florida,32725,28.902938234770044,-81.24555317393373
10723,Carson,California,90745,33.847231342774556,-118.26827592466333
398816,Lancaster Township,Pennsylvania,17601,40.072691404431104,-76.32296697248154
17191,Brooklyn Park,Minnesota,55007,45.963161708571434,-93.15675823142855
32999,Mountain View,California,94040,37.38141192303029,-122.08137755730158
16785,Apex,North Carolina,27502,35.72862304629829,-78.8888094846593
53360,Missouri City,Texas,77459,29.52751200991949,-95.54161310084233
47379,Richmond,Texas,77406,29.652707169907398,-95.75556178831667
13213,Pasco,Washington,99301,46.24863676865381,-119.12908336723291
10727,Casa Grande,Arizona,85122,32.89568831607143,-111.73370114848082
20337,San Ramon,California,94582,37.7612636455003,-121.90218467171705
398360,Town of Poughkeepsie,New York,12601,41.702100897622195,-73.91884753468925
17008,Bethlehem,Pennsylvania,18015,40.59818919198947,-75.37366920939247
10530,Brandon,Mississippi,39042,32.26966132792986,-89.96975077127198
32380,Lake Forest,California,92630,33.64125739973855,-117.69058268756127
26114,New Rochelle,New York,10801,40.916378656022886,-73.78648976446075
13167,Palm Harbor,Florida,34683,28.079742976073664,-82.7601012511632
27195,Southfield,Michigan,48033,42.457776821323534,-83.28198399788613
46604,Mooresville,North Carolina,28115,35.57891526799253,-80.80569904891301
10815,Chino Hills,California,91709,33.98065249736373,-117.72684756078218
52852,Lake Elsinore,California,92530,33.66609939567599,-117.35655740886733
36296,Suwanee,Georgia,30024,34.06323270515614,-84.09076224471265
31751,Glen Allen,Virginia,23059,37.68473913422227,-77.56159984715174
24733,Flower Mound,Texas,75022,33.02355723233286,-97.09771836560745
41574,Waterford,Michigan,48327,42.642238636504366,-83.41041966641683
44704,Columbus,Indiana,47201,39.17980386420454,-85.96638373208795
41643,West Lafayette,Indiana,47906,40.454831040780284,-86.92666438030413
21412,Yorba Linda,California,92886,33.88980073382585,-117.79145988840634
57030,Layton,Utah,84040,41.08648453368684,-111.92926501579048
10484,Bolingbrook,Illinois,60440,41.705721952126645,-88.07391640150287
8043,Ypsilanti,Michigan,48197,42.22590772059032,-83.63338861326189
13653,Saint Cloud,Florida,34769,28.249993304446008,-81.2960213038654
53788,Palm Beach Gardens,Florida,33410,26.842552795424137,-80.08621417035737
16697,Alameda,California,94501,37.77034613912374,-122.25732399882796
21057,Venice,Florida,34285,27.154585007182,-82.74230587966083
10889,Cocoa,Florida,32922,28.364878660512833,-80.74113602998669
26374,Palo Alto,California,94301,37.44225110221239,-122.15798043938169
20322,Salisbury,Maryland,21801,38.3701470619992,-75.61811385447686
5972,Milton,Florida,32570,30.670031718912355,-87.05887692642695
31829,Grants Pass,Oregon,97526,42.45384501094588,-123.3298158835657
5395,Kenner,Louisiana,70062,29.993788991200486,-90.24533050144221
46400,Maple Grove,Minnesota,55311,45.10562563001667,-93.48402528369922
4216,Corvallis,Oregon,97330,44.58888938825484,-123.28455313282548
7403,The Villages,Florida,32162,28.9209822,-81.99453467969492
33256,Orland Park,Illinois,60462,41.62352610107136,-87.8338909444633
6923,San Luis Obispo,California,93401,35.25722642653147,-120.6472192685223
26197,North Richland Hills,Texas,76180,32.85857017808006,-97.2170276057323
18029,Ewa Beach,Hawaii,96706,21.32462850686522,-158.01696109960474
45251,Fayetteville,Georgia,30214,33.484239441242714,-84.47303778126253
26483,Pico Rivera,California,90660,33.9908384859499,-118.08668539428852
399216,Midland,Michigan,48640,43.6223214139404,-84.25686580209707
32006,Hendersonville,Tennessee,37075,36.311801311576005,-86.60773503006057
32409,Lakeville,Minnesota,55044,44.68072225714026,-93.25136931718552
21203,Wesley Chapel,Florida,33543,28.21194022559533,-82.2982300172078
48210,Valrico,Florida,33594,27.911155873879093,-82.24385899366587
25459,Laguna Niguel,California,92677,33.53017962548027,-117.70212118646866
54212,Rosemead,California,91770,34.06076914114569,-118.08367745797122
46084,La Crosse,Wisconsin,54601,43.79767536254342,-91.2110172676229
53253,Medina,Ohio,44256,41.143182706218624,-81.84717010069821
6736,Reston,Virginia,20190,38.963261133423686,-77.34394910169539
7039,Shawnee,Kansas,66203,39.01953563738063,-94.70773395613492
30772,Carson City,Nevada,89701,39.15438629356608,-119.76101134372485
25953,Montebello,California,90640,34.01425617370489,-118.11237303437503
6885,Saint Cloud,Minnesota,56301,45.526898974076474,-94.1851679709843
4515,Eden Prairie,Minnesota,55344,44.86269202041034,-93.43036091653731
13693,San Clemente,California,92672,33.42867653813865,-117.61328314788199
10574,Broomfield,Colorado,80020,39.921015727564956,-105.08084169543334
10940,Coon Rapids,Minnesota,56572,46.628359980000006,-96.08378365572295
10428,Blaine,Minnesota,56011,44.62206704814815,-93.76992322462141
33341,Pasadena,Maryland,21122,39.127007732932626,-76.51941913576832
33498,Port Orange,Florida,32127,29.111855296293346,-80.986852164141
18874,La Habra,California,90631,33.93124614939487,-117.94943535596474
10634,Burnsville,Minnesota,55306,44.73009131651001,-93.2898034065909
32416,Land O Lakes,Florida,34637,28.268106871999997,-82.46776935485723
6021,Monterey Park,California,91754,34.0503994777145,-118.14234084978287
30149,Albany,Oregon,97321,44.62678736836734,-123.1260813130526
7837,West Des Moines,Iowa,50265,41.57387567109001,-93.73557995292232
21017,Utica,New York,13501,43.08564589347842,-75.232914507025
11604,Gilroy,California,95020,37.009521345441954,-121.57605526217122
25495,Lancaster,Ohio,43130,39.71669338833235,-82.60092699294955
14541,West Chester,Ohio,45069,39.352736056464956,-84.41593827483848
25534,Lebanon,Tennessee,37087,36.23420985565794,-86.3109195378361
37015,Azusa,California,91702,34.12706223429255,-117.90582745668812
45398,Gardena,California,90247,33.887762511036044,-118.29568901862088
21472,Annandale,Virginia,22003,38.83435184239517,-77.2026084847524
20514,Skokie,Illinois,60076,42.04005293941131,-87.73523204553936
4281,Cupertino,California,95014,37.32170978422346,-122.01962254399382
12597,Martinsburg,West Virginia,25401,39.456132391199475,-77.97348189621816
5239,Huntersville,North Carolina,28078,35.40747590758946,-80.86523150682075
6855,Royal Oak,Michigan,48067,42.489845561968295,-83.135975082101
47526,Saint Peters,Missouri,63376,38.77777988561121,-90.62349116211867
53752,Oshkosh,Wisconsin,54901,44.03160631838667,-88.54055672065704
20639,Statesboro,Georgia,30458,32.43658342555949,-81.78718002010523
126356,Tamiami,Florida,33122,25.80109844535621,-80.32140417631128
15894,Wheaton,Illinois,60187,41.86023008092602,-88.11305227175134
52587,Howell,Michigan,48843,42.59445879286984,-83.91252108543445
31861,Greensburg,Pennsylvania,15601,40.29811778891407,-79.53484848606723
38809,Gretna,Louisiana,70053,29.911854601491026,-90.05275618722841
24420,Downers Grove,Illinois,60515,41.80940638685441,-88.0162736969808
8384,Fountain Valley,California,92708,33.708104833679386,-117.95636362806323
52262,Goshen,Indiana,46526,41.56984789685735,-85.8463891418567
5411,Kettering,Ohio,44276,40.90827903157896,-81.83914179473685
50985,Berwyn,Illinois,60402,41.853077912479485,-87.78875762824305
37971,Colton,California,92324,34.04877599947797,-117.32104698662029
31125,Crown Point,Indiana,46307,41.42089928449906,-87.3402220540002
6032,Moore,Oklahoma,73852,36.43616386486485,-99.20577647297294
38718,Glenview,Illinois,60025,42.07363927521614,-87.82115562592543
32697,Maricopa,Arizona,85138,33.07398527641508,-112.01665472050487
53026,Loganville,Georgia,30052,33.816666237981615,-83.91181131713867
52480,Helena,Montana,59601,46.58743912043797,-112.05183312967853
28066,Zanesville,Ohio,43701,39.95415485277448,-82.00834705602014
30829,Chantilly,Virginia,20151,38.88780145458312,-77.43056032330897
46465,McLean,Virginia,22101,38.93214266862981,-77.16985559483204
52082,Fort Walton Beach,Florida,32547,30.44570140517362,-86.6318136373524
32955,Morristown,Tennessee,37813,36.18882188062809,-83.2730904713897
52840,Lagrange,Georgia,30240,33.0391745353088,-85.07742922628086
16554,Euless,Texas,76039,32.85764480295405,-97.0826295634591
20164,Richland,Washington,99352,46.25930993239933,-119.28492533357829
26225,Novi,Michigan,48374,42.46608269331209,-83.51205758589245
11626,Glendora,California,91740,34.11875996617269,-117.85645147066774
38134,Danville,California,94506,37.79438628979698,-121.88954910430948
126392,The Hammocks,Florida,34737,28.70483024408142,-81.79002693411215
30527,Bonita Springs,Florida,34134,26.358577356909564,-81.82337688753898
25646,Longwood,Florida,32750,28.70789344656863,-81.34589159051909
24349,Delano,California,93215,35.76648171875001,-119.24114853674105
30785,Castro Valley,California,94546,37.70296840506673,-122.09614002075872
397214,Town of Hamburg,New York,14075,42.73532264164326,-78.84013584357936
5371,Kalispell,Montana,59901,48.203812192131956,-114.32107555525897
45602,Hacienda Heights,California,91745,33.999659713074664,-117.96499470363452
3869,Buckeye,Arizona,85326,33.40381612127774,-112.50855998758627
25550,Lenexa,Kansas,66215,38.95611132912235,-94.73569662841338
44568,Chesterfield,Virginia,23832,37.40793290775034,-77.58889340104412
44918,Desoto,Texas,75115,32.61408850646691,-96.85591229369473
21417,Yucaipa,California,92399,34.03930833038347,-117.06406660606464
38049,Covington,Louisiana,70433,30.46410805595985,-90.10418548508852
31119,Crossville,Tennessee,38555,35.943457974338806,-85.04105241211121
54450,Smyrna,Tennessee,37167,35.960488649247715,-86.52403737681563
17472,Clermont,Florida,34711,28.51522522100718,-81.73764899914484
53590,Normal,Illinois,61761,40.511827151386036,-88.98469915485386
12426,Lombard,Illinois,60148,41.86417266641947,-88.01159750828062
39416,Levittown,Pennsylvania,19054,40.171209661750005,-74.82799005606786
44836,Dacula,Georgia,30019,34.009300935714315,-83.90289888357118
9969,Tinley Park,Illinois,60477,41.577818656201984,-87.80474774096744
10137,Ankeny,Iowa,50021,41.72540213673083,-93.59263980582392
26531,Placentia,California,92870,33.89327140222239,-117.85808784058956
52547,Hollister,California,95023,36.8311540740942,-121.3684211767962
48433,West Monroe,Louisiana,71291,32.526788506227234,-92.17723472758742
12579,Marrero,Louisiana,70072,29.87100476220671,-90.10925602704766
4854,Garner,North Carolina,27529,35.67306316056599,-78.60189509099006
3425,Apple Valley,Minnesota,55329,45.31883104210528,-94.55992429363218
17545,Commerce City,Colorado,80022,39.83502885830985,-104.89130897825544
396491,Kailua,Hawaii,96734,21.392706519108714,-157.7471694614913
46777,North Bethesda,Maryland,20814,39.00199971245775,-77.099240415653
7797,Waxahachie,Texas,75165,32.403408565757495,-96.83923075598727
46965,Palm Springs,California,92262,33.84070461953054,-116.51881587813678
32532,Little Elm,Texas,75068,33.17002033878378,-96.95005767855592
5465,La Mirada,California,90638,33.90371991547562,-118.03250134359881
44833,Cypress,California,90630,33.810035316018684,-118.03316436297686
39894,Mount Juliet,Tennessee,37122,36.19604224194263,-86.50438443175196
10774,Cerritos,California,90703,33.85972120619913,-118.07362790425233
737790,Eastvale,California,95658,38.88281737083333,-121.13657811690257
37086,Aliso Viejo,California,92656,33.57894532202073,-117.73062895101404
37799,Cedar Hill,Texas,75104,32.6018331402199,-96.93369104604061
28533,Hoffman Estates,Illinois,60169,42.048074917948725,-88.10838884696948
12157,Kaneohe,Hawaii,96744,21.407838182558145,-157.80356933108837
51751,Dublin,California,94568,37.71943828001036,-121.85839620135594
13587,Roseburg,Oregon,97470,43.220651508823536,-123.33912232081636
10834,Claremore,Oklahoma,74017,36.325532922590334,-95.60830689079212
52905,Lawrence,Indiana,47025,39.15051771636129,-84.86420325233094
13370,Portage,Michigan,49002,42.21680461537523,-85.5674588789129
19055,Littleton,Colorado,80120,39.59144931515734,-105.00632209026107
15128,Kernersville,North Carolina,27284,36.117176557617924,-80.0823898286159
33758,Rowlett,Texas,75088,32.89688608657792,-96.55169998748639
52391,Hammond,Louisiana,70401,30.517430095267617,-90.47423638740541
7794,Wauwatosa,Wisconsin,54982,44.06994201972788,-89.27703594158014
51487,Collierville,Tennessee,38017,35.05676957246097,-89.6812761920695
20245,Roseville,Michigan,48066,42.504736373394046,-82.93706049771544
397621,Town Of Ithaca,New York,14850,42.447515129506016,-76.49229344437771
12762,Minnetonka,Minnesota,55345,44.91579431822359,-93.485304449135
4568,Elmhurst,Illinois,60126,41.895432758628225,-87.94569578223089
37576,Brighton,Michigan,48114,42.55934217724389,-83.7590011130828
32048,Hinesville,Georgia,31313,31.832126334552846,-81.61616751975241
46503,Mentor,Ohio,44060,41.685625002611715,-81.33422948401363
55433,Dekalb,Illinois,60115,41.931711760714826,-88.75430269101054
43088,Wylie,Texas,75098,33.02099853350145,-96.56327070404276
45983,Kapolei,Hawaii,96707,21.323996454255322,-158.0892580889788
4622,Evans,Georgia,30809,33.54586761295182,-82.1861583083688
11921,Hilo,Hawaii,96720,19.705326431385174,-155.07458883334664
18800,Katy,Texas,77449,29.820499136871515,-95.7368302293056
181663,Fuquay Varina,North Carolina,27526,35.59117615705407,-78.78300276093677
55287,Yorktown,Virginia,23690,37.22628221042917,-76.5285662241554
33953,Shakopee,Minnesota,55379,44.779410501414766,-93.49629896424108
48438,West Seneca,New York,14586,43.04233120605152,-77.6890148445679
10315,Beavercreek,Ohio,45613,39.020086465000006,-82.83560690210469
20789,Thomasville,North Carolina,27360,35.86938712962835,-80.09063918075589
46389,Mandeville,Louisiana,70448,30.37276074130547,-90.05688720345393
32912,Moline,Illinois,61265,41.487865289374156,-90.4982828057065
31724,Georgetown,Kentucky,40324,38.22505596730278,-84.54746808581825
13218,Patchogue,New York,11772,40.768878818048094,-73.0017307649034
22827,Rowland Heights,California,91748,33.98176994295776,-117.89601820835401
54002,Prescott Valley,Arizona,86314,34.59849582125001,-112.3361420710477
45221,Fairfield,Ohio,45014,39.330113150890455,-84.54801490726058
17231,Burke,Virginia,22015,38.78936362174516,-77.27492222155509
49611,Newark,California,94560,37.53377955930233,-122.02725672617795
33117,Nicholasville,Kentucky,40356,37.89278224003517,-84.57430762011654
43490,Lindenhurst,New York,11757,40.688454789133154,-73.3737026265193
26088,New Bern,North Carolina,28560,35.096078376793564,-77.01579381965466
32923,Monrovia,California,91016,34.14156523959075,-118.00219010576002
13386,Prairieville,Louisiana,70769,30.315052917036414,-90.9484770629825
30583,Brentwood,Tennessee,37027,36.00678274181844,-86.77519066756751
37995,Concord,New Hampshire,3301,25.9980366,-80.18867511638811
51386,Chesterfield,Missouri,63005,38.64611330604043,-90.6183143044347
5504,Lake Oswego,Oregon,97034,45.40969635417434,-122.68533179599069
25112,Hicksville,New York,11801,40.7622497137307,-73.52296769555973
32390,Lake Mary,Florida,32746,28.76709455472073,-81.35384319240735
42608,Raeford,North Carolina,28376,34.994988501369505,-79.18660499765618
13560,Rockledge,Florida,32955,28.309198601928458,-80.72747079931015
37757,Carol Stream,Illinois,60188,41.91735496425817,-88.135768305883
39210,Keller,Texas,76244,32.92655425348837,-97.28546492901738
4271,Crystal Lake,Illinois,60012,42.267833174609365,-88.3102700953136
4976,Greeneville,Tennessee,37743,36.122342179707836,-82.85402931658874
31546,Fenton,Missouri,63026,38.518970594379546,-90.47280624619664
21014,Urbandale,Iowa,50322,41.62791963446629,-93.73533206689748
12413,Liverpool,New York,13088,43.10833062208908,-76.18653101578842
6251,Northville,Michigan,48167,42.433152871760925,-83.48565151827442
3319,Addison,Illinois,60101,41.93241390672319,-88.00626153345792
18320,Gonzales,Louisiana,70737,30.2412329030612,-90.91903746321591
47021,Paso Robles,California,93446,35.639779431497125,-120.71642351018347
30338,Ballwin,Missouri,63011,38.601441354155284,-90.56016859091218
39306,La Puente,California,91744,34.03220484558174,-117.94308459547938
37063,Aiea,Hawaii,96701,21.38465328490989,-157.94075715359142
31419,Elmont,New York,11003,40.69965397523781,-73.7048698700822
37601,Brookfield,Wisconsin,53005,43.060420068571155,-88.09604018574987
41130,Sun City,Arizona,85351,33.59815563447993,-112.28344335528394
47876,Streamwood,Illinois,60107,42.02115756999765,-88.1761585976178
54053,Rancho Palos Verdes,California,90275,33.76305951142266,-118.36367549184725
39916,Mundelein,Illinois,60060,42.26633662199529,-88.03112018111757
46704,New Berlin,Wisconsin,53146,42.988116194883716,-88.14747144927426
8283,Clinton,Maryland,20735,38.755107203251306,-76.89977908794503
51302,Casselberry,Florida,32707,28.656989828472234,-81.31519310959119
11594,Germantown,Tennessee,38138,35.08772514279223,-89.80083135654243
44042,Bartlett,Illinois,60103,41.97671217142849,-88.18773963276774
41001,Spanish Fork,Utah,84660,40.115186944719525,-111.64601225906637
3820,Bristol,Tennessee,37620,36.56614056935312,-82.18303702816581
26779,Riverton,Utah,84065,40.50810488023255,-111.94220685021095
41621,West Babylon,New York,11704,40.71572230310205,-73.35679630030697
37370,Belton,Texas,76513,31.051962284332863,-97.47407651708797
21355,Woburn,Massachusetts,1801,42.466550025000004,-71.18425794578602
17163,Brighton,Colorado,80601,39.96846915444484,-104.80743053274594
19728,Oakley,California,94561,37.99171312241379,-121.71131758309218
13181,Papillion,Nebraska,68046,41.15406704774038,-96.04966257818553
53642,Nottingham,Maryland,21236,39.39080081103655,-76.4866081212859
34718,Wentzville,Missouri,63385,38.80834774347015,-90.86436606726708
54320,Saratoga Springs,New York,12866,43.076574890358415,-73.76840466630624
36029,Ringgold,Georgia,30736,34.915755404996546,-85.14533509043231
32703,Marion,Iowa,52302,42.04061347424608,-91.59297404614492
39769,Miamisburg,Ohio,45342,39.624924492682574,-84.24956622373242
18883,La Quinta,California,92253,33.70177421374999,-116.28340401735592
32927,Montclair,California,91763,34.0739327803509,-117.69901092067785
19811,Pacifica,California,94044,37.630637352659576,-122.4917100461351
40718,Salem,Virginia,24153,37.28932081586419,-80.07091898535181
33330,Park Ridge,Illinois,60068,42.01754238946743,-87.83432449928918
16807,Arnold,Missouri,63010,38.429543760770095,-90.38986802726623
396716,Plymouth,Michigan,48170,42.368213513716114,-83.47513524104653
22517,Ocoee,Florida,34761,28.564656847692316,-81.53875667829283
19911,Perrysburg,Ohio,43551,41.54220825174601,-83.60778774053908
39084,Hurst,Texas,76053,32.81667909352798,-97.1922198180746
4592,Englewood,Colorado,80110,39.646318646905875,-104.99316884425345
19355,Middletown,Delaware,19709,39.48508469833722,-75.69232085907026
38794,Greenfield,Wisconsin,53531,43.05203521940296,-89.0946092129933
26215,Northport,Alabama,35473,33.25848212457341,-87.58623798690981
18647,Huber Heights,Ohio,44814,41.32306370267856,-82.4839327432231
4375,District Heights,Maryland,20747,38.855186761891,-76.88671936851603
32789,McMinnville,Oregon,97128,45.20641535809523,-123.19507429998488
13613,Roy,Utah,84067,41.192245790909126,-112.0399548185829
30908,Claremont,California,91711,34.10685855176798,-117.72093207581015
30187,Altadena,California,91001,34.185171679088334,-118.13678881710561
15135,East Meadow,New York,11554,40.714572017965686,-73.55732920325784
44500,Cedar Falls,Iowa,50613,42.52367430234701,-92.45385172972375
16040,Sykesville,Maryland,21784,39.396878916991405,-76.96078083365084
52353,Grovetown,Georgia,30813,33.46502324942007,-82.2035258428956
53267,Menomonee Falls,Wisconsin,53051,43.15229042573331,-88.11171683054043
33840,San Juan Capistrano,California,92675,33.500003056862624,-117.65808522503639
6746,Richfield,Minnesota,55355,45.1034666775157,-94.5275788566528
8201,Avon,Indiana,46123,39.76824595470151,-86.38821252410455
57132,Wildomar,California,92595,33.612279164427314,-117.27011639605232
26256,Oakville,Missouri,64780,38.032144374999994,-93.982953625
49000,East Stroudsburg,Pennsylvania,18301,41.03878019762123,-75.16475167803311
26965,Santa Paula,California,93060,34.35220158043479,-119.071293827545
26716,Redmond,Oregon,97756,44.28972491251105,-121.22369200173365
14111,Temple City,California,91780,34.10062520364964,-118.05179563251339
40645,Roseville,Minnesota,56284,44.77383723050847,-95.20142306271185
48523,Winchester,Kentucky,40391,37.979383344238684,-84.17754426205416
17546,Commerce,Michigan,48382,42.59517583586715,-83.48902624331588
46091,La Vergne,Tennessee,37086,36.01523687028331,-86.56421192423622
16908,Batavia,Ohio,45103,39.09393486943273,-84.18849991340137
14192,Troy,Ohio,45373,40.037673666108226,-84.21385683654357
21469,Cottage Grove,Minnesota,55016,44.83173600617363,-92.93750785552521
33967,Shelbyville,Tennessee,37160,35.47884192434856,-86.4611256298769
47334,Reisterstown,Maryland,21136,39.46199118801698,-76.81046050475778
42802,Pickerington,Ohio,43147,39.90770097897227,-82.76306352907012
19100,Los Gatos,California,95030,37.223287282873876,-121.97181845898744
7304,Barstow,California,92311,34.88933262,-117.04794544766021
13062,Oak Creek,Wisconsin,53154,42.89097853734695,-87.915207412415
12446,Lorton,Virginia,22079,38.714257930130806,-77.2112434492777
38842,Hagerstown,Maryland,21740,39.63367134836431,-77.73334645523254
7540,Upper Arlington,Ohio,45814,40.88559978188405,-83.63058780724639
53925,Pleasant Hill,California,94523,37.96122719657238,-122.06721817109455
42925,Powell,Ohio,43065,40.15740802885638,-83.08812482852827
53969,Portage,Indiana,46368,41.577880804652885,-87.18560486468668
19230,Marysville,California,95901,39.163392074544205,-121.55330698781398
5751,Madison,Mississippi,39110,32.475408087018415,-90.12279028948969
32156,Inver Grove Heights,Minnesota,55076,44.84294986078985,-93.0367493833621
19177,Manhattan Beach,California,90266,33.88988372418965,-118.40086103639962
20425,Severn,Maryland,21144,39.12795051544092,-76.69046371577627
46194,Leawood,Kansas,66206,38.93049266042841,-94.68496986566836
8713,Flowery Branch,Georgia,30542,34.1774259768732,-83.90264344901078
16684,Adelanto,California,92301,34.542163037499996,-117.39155197057255
41184,Tarpon Springs,Florida,34688,28.14458171449705,-82.6978652737532
11179,Durango,Colorado,81301,37.30857338928571,-107.86540469744082
41014,Spotsylvania,Virginia,22551,38.13855746717942,-77.60339969822125
54666,Tehachapi,California,93561,35.13110934761904,-118.46431282939959
12817,Montrose,Colorado,81401,38.47315106998531,-107.85662834427005
18227,Gainesville,Virginia,20155,38.798620247083,-77.61792058975031
43098,Sylvania,Ohio,43560,41.706562479833906,-83.71301870486114
27181,South Lyon,Michigan,48178,42.45899303776139,-83.65776563345916
13578,Rome,New York,13440,43.222736818519856,-75.45129000983306
29211,Odenton,Maryland,21113,39.06737349903518,-76.70392977139481
13650,Saint Charles,Illinois,60174,41.922492395883225,-88.30494419296967
11246,Eastpointe,Michigan,48021,42.46675341086259,-82.94544486744607
25261,Irmo,South Carolina,29063,34.11643536276143,-81.19224023045145
54056,Randallstown,Maryland,21133,39.37595074794248,-76.79964840854967
13034,North Ridgeville,Ohio,44039,41.38456466501487,-81.9980425003283
35469,Elkridge,Maryland,21075,39.19815041339195,-76.76311181491967
30331,Baldwin,New York,11510,40.65467175980281,-73.60978969493625
12614,Matthews,North Carolina,28104,35.04349907602074,-80.70378978049077
20468,Sherwood,Arkansas,72120,34.85078517093926,-92.21467284843239
40446,Prior Lake,Minnesota,55372,44.710141033724746,-93.41883888009625
55428,Chaska,Minnesota,55318,44.80679419383315,-93.61051427476845
397752,West Bend,Wisconsin,53090,43.44562678524834,-88.1783403316531
37206,Atascadero,California,93422,35.48398510768998,-120.66189234386017
23690,Bethel Park,Pennsylvania,15102,40.32512176521034,-80.03772945621392
48099,University Place,Washington,98467,47.202429832885244,-122.53462650787634
33874,Saratoga,California,95070,37.27962646814533,-122.00187204833567
26438,Pearl,Mississippi,39208,32.27157437885278,-90.09851744121839
37499,Boone,North Carolina,28607,36.21199179091532,-81.66480631316011
10132,Andover,Minnesota,55304,45.24852669963434,-93.28542238599266
56956,Hope Mills,North Carolina,28348,34.957078963858685,-78.9327008315423
33155,North Huntingdon Township,Pennsylvania,16652,40.494298697978486,-78.01487275257995
4324,Deer Park,Texas,77536,29.686173985284,-95.11899580341392
46803,North Olmsted,Ohio,44070,41.40733162171567,-81.93569031331688
53581,Niles,Illinois,60714,42.02725886990415,-87.80994939912462
16269,Waynesboro,Virginia,22980,38.072437563019534,-78.90887027311541
29105,Mebane,North Carolina,27302,36.0853270223493,-79.24297670710064
43839,Alabaster,Alabama,35007,33.23484633253233,-86.81623431073565
14382,Vestavia Hills,Alabama,35593,34.375362109803916,-88.06047283137258
17235,Burlingame,California,94010,37.581902429027664,-122.35632550290207
49547,Parkville,Maryland,21234,39.388101103137664,-76.53869865380965
26200,North Tonawanda,New York,14120,43.054498933811814,-78.85972531094087
36557,Westfield,Indiana,46074,40.016314999174284,-86.15455916883063
21281,White Lake,Michigan,48383,42.65923447055091,-83.52900325996447
51410,Cibolo,Texas,78108,29.58323517586302,-98.23520950099307
28595,Leesburg,Florida,34748,28.787542138087563,-81.88178718368995
19434,Monterey,California,93940,36.59716145757533,-121.88561734663755
43815,Abingdon,Maryland,21009,39.46758679339352,-76.30097614415097
4826,Front Royal,Virginia,22630,38.96618932410092,-78.16518043537279
50967,Benton,Arkansas,72015,34.573624867111405,-92.60039045449409
34613,Wadsworth,Ohio,44281,41.042104565038386,-81.73495112878709
50547,Wheat Ridge,Colorado,80033,39.7760604,-105.100981902236
396727,Greater Upper Marlboro,Maryland,20772,38.797170155763816,-76.78913202956387
53676,Ocean Springs,Mississippi,39564,30.41046400436015,-88.76097673651583
32157,Inverness,Florida,34450,28.837469785565816,-82.2933903280453
46076,Kyle,Texas,78640,30.003833766696225,-97.85447988328592
7765,Warrenton,Virginia,20186,38.70637069406229,-77.81149786252848
17818,Drexel Hill,Pennsylvania,19026,39.948622204985334,-75.30151203100962
34749,West Linn,Oregon,97068,45.36523780330367,-122.64729655850017
33935,Selma,California,93662,36.56704752142857,-119.60222791581886
398437,Zeeland,Michigan,49464,42.81693481069584,-86.0134521298613
17469,Clemmons,North Carolina,27012,36.02445738598686,-80.38515283161685
8878,Ozark,Missouri,65721,37.01766076956627,-93.21432560058518
6916,San Carlos,California,94070,37.50418320617285,-122.26091515769629
44598,Town Of Cicero,New York,13039,43.17452624341221,-76.08784566701782
47783,Southlake,Texas,76092,32.94244713379026,-97.14838330574563
5624,Liberty,Missouri,64068,39.24676910867901,-94.42770166799669
4167,College Park,Maryland,20740,38.998429446043126,-76.92584193832796
18879,La Place,Louisiana,70068,30.074070121048006,-90.48587061493494
10581,Brownstown,Michigan,49028,41.84730413599998,-85.1922097036033
24926,Granger,Indiana,46530,41.741181938693074,-86.14954570577834
23805,Brainerd,Minnesota,56401,46.35665005160889,-94.19205261118756
32014,Hermiston,Oregon,97838,45.848520228294234,-119.29366343609782
26158,Nixa,Missouri,65714,37.0449648265494,-93.30784821867069
38060,Cranberry Township,Pennsylvania,16066,40.694874636543624,-80.12257609409794
16309,Southgate,Michigan,48195,42.205952313104994,-83.20294692973934
40869,Shelbyville,Kentucky,40065,38.21031482027862,-85.22240522899062
10762,Centereach,New York,11720,40.86995650388823,-73.08256786643115
23523,Arroyo Grande,California,93420,35.14911827558235,-120.53730813301596
32492,Libertyville,Illinois,60048,42.28964218002544,-87.94998462390699
11940,Holiday,Florida,34690,28.191962741851864,-82.72813130891602
9655,Jonesborough,Tennessee,37659,36.29429920579145,-82.49179581049424
7053,Sherwood,Oregon,97140,45.3544385068137,-122.85123252231341
40979,South Lake Tahoe,California,96150,38.91350633474142,-119.97676150792078
18263,Geneva,Illinois,60134,41.88330596136031,-88.32501024164172
46488,Mehlville,Missouri,64659,39.791301568,-93.302013336
32525,Litchfield Park,Arizona,85340,33.49909590775047,-112.33940273562835
46734,Newberg,Oregon,97132,45.32785028069309,-122.9454133275438
54190,Rockford,Michigan,49341,43.11449653931301,-85.53112709641591
12995,Norfolk,Nebraska,68701,42.02347705164312,-97.38654276945324
14160,Tooele,Utah,84074,40.59082024563328,-112.30098396051969
30411,Beltsville,Maryland,20705,39.04540733000252,-76.90889105000655
29737,Norco,California,92860,33.925316153117926,-117.5528883615677
32970,Mount Airy,Maryland,21771,39.38039702526264,-77.14850232335796
31937,Happy Valley,Oregon,97086,45.442867060098635,-122.53529195463345
26248,Oakdale,Minnesota,56045,43.75730362777777,-93.19863213333335
26365,Palm City,Florida,34990,27.175398102946765,-80.29709650741317
6368,Owosso,Michigan,48867,42.99111441853815,-84.18386980720484
13038,Northampton,Massachusetts,1060,42.33759545,-72.64855474112211
46887,Olivehurst,California,95961,39.057666405000006,-121.5513787129303
10769,Central Point,Oregon,97502,42.378346526923075,-122.91438751117438
37968,Colonial Heights,Virginia,23834,37.29505863019898,-77.40595393341407
11805,Harker Heights,Texas,76548,31.06762078672942,-97.65569385388913
37738,Cantonment,Florida,32533,30.577219311317222,-87.31626927318949
46582,Monroeville,Pennsylvania,15146,40.427098057761164,-79.76854831038234
54600,Sugar Hill,Georgia,30746,34.56233298625,-85.01559643025264
12151,Kahului,Hawaii,96732,20.9430197622449,-156.66242381656843
42967,Stanton,California,90680,33.8028439455147,-117.99563889172154
37272,Bardstown,Kentucky,40004,37.813876706318084,-85.45651199493898
4790,Fountain,Colorado,80817,38.71178167413793,-104.70946562184336
22544,Poulsbo,Washington,98370,47.749943611111114,-122.63824555805057
16724,Allen Park,Michigan,48101,42.25973892101159,-83.21132229001236
31666,Fridley,Minnesota,55731,47.89469025667915,-91.8652597215566
47889,Suisun City,California,94585,38.24520260357143,-122.02216113018437
14506,Waynesville,North Carolina,28785,35.57765549394728,-83.01119502460377
52835,Ladera Ranch,California,92694,33.55023480242627,-117.637035306522
25165,Holly Springs,North Carolina,27540,35.63892111793993,-78.8343786253157
395803,Town of Manlius,New York,13104,42.991448404751715,-75.96959299071091
36733,Severna Park,Maryland,21146,39.08303978866872,-76.57031799379335
40831,Sequim,Washington,98382,48.05718191805492,-122.9583447711453
36041,Medford,New York,11763,40.82413605970301,-72.98391935970609
27227,Springfield,Tennessee,37172,36.50744151821331,-86.87325827015117
15560,Magna,Utah,84044,40.69741590132273,-112.05801761995825
5498,Lake in the Hills,Illinois,60156,42.18481319936712,-88.35055519779382
21161,Warrensburg,Missouri,64093,38.771118122397525,-93.73198150593255
54754,Tualatin,Oregon,97062,45.370961581190265,-122.76663817957713
51718,Dickson,Tennessee,37055,36.07701997690022,-87.40633505049134
29443,Woodburn,Oregon,97071,45.150208537628856,-122.84860139965977
31540,Farmington,Minnesota,55024,44.664804567330734,-93.16285306596532
24739,Foley,Alabama,36535,30.389527106449474,-87.70164679496925
8587,Huntley,Illinois,60142,42.16916018628049,-88.42369735142786
31117,Crosby,Texas,77532,29.92651348715992,-95.07547513098295
5339,Jenison,Michigan,49428,42.90567049609309,-85.82692228786803
15449,Forest Grove,Oregon,97116,45.5292186040654,-123.11752964132653
52216,Gladstone,Missouri,64443,39.74534668866669,-94.66393596840007
40018,Niceville,Florida,32578,30.489404629970846,-86.4310206487681
31639,Franklin,North Carolina,28734,35.179531110935436,-83.38359138330344
24444,Dumfries,Virginia,22025,38.59780882983053,-77.33910025559008
43407,Maumee,Ohio,43537,41.57808075418779,-83.68029425253943
51849,Edgewater,Florida,32132,28.979384432834078,-80.91359693193498
21319,Wilmette,Illinois,60091,42.07528327015999,-87.72350286188153
16584,Powhatan,Virginia,23139,37.54191252483095,-77.88424176627402
12083,Jackson,Missouri,63755,37.41233130719299,-89.65734847772865
6050,Morrisville,North Carolina,27560,35.87664664656601,-78.83100971372065
53849,Pell City,Alabama,35125,33.59834694553438,-86.29584302953228
51550,Cornelius,North Carolina,28031,35.470190756401806,-80.88114636948659
123944,Citrus Park,Florida,32789,28.598912837584557,-81.34950160363923
25547,Lemon Grove,California,91945,32.73154627973397,-117.03424047335548
160335,Lochearn,Maryland,21627,38.24147333333334,-76.05239333333333
3958,Canon City,Colorado,81212,38.44481769965869,-105.23898178785201
44131,Benicia,California,94510,38.05130506369863,-122.15453402010407
7009,Selden,New York,11784,40.87153467297086,-73.04407345130475
33112,Newton,North Carolina,28658,35.65136981937052,-81.23694331096463
4242,Crawfordsville,Indiana,47933,40.02632303941515,-86.91679357345912
45470,Golden,Colorado,80401,39.74359794223297,-105.20928941484581
45794,Homewood,Alabama,35752,34.73670058181818,-85.95097093636365
5775,Manchester,Tennessee,37355,35.49890487967059,-86.09228263099413
10965,Cottonwood,Arizona,86326,34.72588181851852,-112.00694647302299
24634,Evergreen,Colorado,80439,39.611633186702164,-105.38748639065248
12364,Lenoir City,Tennessee,37771,35.813028618916235,-84.28553171471377
398275,Neenah,Wisconsin,54956,44.18615844395984,-88.48694814599442
54483,South Salt Lake,Utah,84054,40.84714048977273,-111.91322398298531
18141,Forest,Virginia,24551,37.35759644156747,-79.29313571572088
47895,Summerfield,Florida,34491,28.99675514782607,-82.02420332099717
30275,Ashland,Oregon,97520,42.19823617976544,-122.69905093962696
29334,Zachary,Louisiana,70791,30.64461050748888,-91.1523657803527
42657,Navarre,Florida,32566,30.41699983716098,-86.84054576818205
17049,Blacklick,Ohio,43004,40.00311996917646,-82.81436607211474
6294,Okemos,Michigan,48864,42.7073021188529,-84.41703153518188
6242,North Wales,Pennsylvania,19454,40.23204461035551,-75.23906920369679
50972,Berea,Kentucky,40403,37.58012345201914,-84.27728170871461
10661,Caledonia,Wisconsin,53108,42.75177689527376,-87.94865956649869
244024,Groveton,Virginia,24557,36.959141169117636,-79.33331307009804
13105,Onalaska,Wisconsin,54650,43.89859544470589,-91.22872858654618
30354,Batavia,Illinois,60510,41.84540926621628,-88.31913477760293
39787,Milford,Michigan,48380,42.584629122789124,-83.66268141245243
28195,Chambersburg,Pennsylvania,17201,39.92888810771399,-77.65245285932983
42710,Richmond Hill,Georgia,31324,31.897639523607115,-81.29966500128418
21627,Derwood,Maryland,20855,39.13151279263044,-77.14556771197093
38008,Coos Bay,Oregon,97420,43.36165010380035,-124.219495823973
50049,Washington,Michigan,48094,42.665015323850916,-83.02197378900601
56365,Mercer Island,Washington,98040,47.57472960179392,-122.228466827128
50009,Walker,Michigan,49459,43.72640276204818,-86.10611794082814
51858,El Cerrito,California,94530,37.91757837906404,-122.30245296883224
41031,Springfield,Pennsylvania,19064,39.9273267628236,-75.33495448483296
11553,Fruit Cove,Florida,32043,30.00149504990934,-81.72878325426865
31298,Eagle Mountain,Utah,84005,40.308700338643945,-112.012591121827
17587,Coronado,California,92118,32.68178393995903,-117.17256920243496
18676,Imperial,Missouri,63052,38.387838462714114,-90.41555393383669
6055,Morton Grove,Illinois,60053,42.04125930862793,-87.7919496649573
35393,Easton,Maryland,21601,38.77655862566069,-76.08931436817188
7768,Washington,Illinois,61571,40.701998888809975,-89.43930945765749
14948,Daphne,Alabama,36526,30.6257763745083,-87.88659782236432
7486,Tullahoma,Tennessee,37388,35.35349885439469,-86.22128537597987
25548,Lemont,Illinois,60439,41.68118817578813,-87.96458457605466
28306,Cleveland,Georgia,30528,34.59191877232433,-83.75989219816758
395523,Ephrata Township,Pennsylvania,17522,40.173722787716365,-76.17606835552296
5889,Mechanicsville,Maryland,20659,38.43095524765287,-76.72249298409962
25828,McHenry,Illinois,60050,42.34000719409739,-88.28507133753769
53352,Mint Hill,North Carolina,28572,35.03661147777778,-77.76995304509805
7898,Wexford,Pennsylvania,15090,40.61685087239007,-80.06114473606094
9366,Seymour,Tennessee,37865,35.867846657374706,-83.75463738806693
9556,White Bear Lake,Minnesota,55309,45.35054096555559,-93.72766139382483
5104,Haymarket,Virginia,20169,38.83559929907387,-77.63931508663437
40081,North Tustin,California,92780,33.732754831637024,-117.81681242440267
40417,Portland,Tennessee,37148,36.57426815870414,-86.50573248003424
36864,Crofton,Maryland,21114,39.01083831881725,-76.68142946933351
37688,Calabasas,California,91302,34.12393234210527,-118.67235968879721
44544,Champlin,Minnesota,55316,45.17147403095629,-93.38799399099372
47198,Port Hueneme,California,93041,34.16614638,-119.19867064633225
6835,Rosemount,Minnesota,55068,44.73526123883716,-93.14433010236985
17788,Dixon,California,95620,38.46342390619989,-121.83155858957417
28341,Burlington,Kentucky,41005,39.019586592094726,-84.7164064900051
10734,Castaic,California,91384,34.46008336992597,-118.62107566258396
6317,Olney,Maryland,20832,39.15206869594432,-77.07138060446117
53472,Mustang,Oklahoma,73064,35.3976367855093,-97.72261338427256
6333,Orange City,Florida,32763,28.943563460140336,-81.29887432926245
27354,Sycamore,Illinois,60178,41.989184409374985,-88.69218589784016
22195,Mooresville,Indiana,46158,39.5940834476998,-86.37146397277861
46285,Lockport,Illinois,60441,41.60816462079535,-88.01141568201518
51349,Chanhassen,Minnesota,55317,44.866416118057174,-93.54647152840462
31701,Gardnerville,Nevada,89410,38.920455796666666,-119.72499109434949
397269,De Witt,New York,13630,44.50048502048614,-75.30222229300595
6030,Monument,Colorado,80132,39.08680175958935,-104.82917445110455
56889,Gloucester,Virginia,23061,37.4206999007096,-76.53876038984428
44395,Byron Center,Michigan,49315,42.835464324371365,-85.73301769455517
44861,Darien,Illinois,60561,41.74821702473572,-87.98082767567416
31695,Garden City,New York,11530,40.72590528755789,-73.64647487184477
39297,La Grange,Kentucky,40031,38.40663482862318,-85.38614880942734
23671,Benbrook,Texas,77586,29.57595232234657,-95.03202454233468
56087,Olmsted Falls,Ohio,44138,41.37374741438184,-81.9332186573779
40706,Saint Marys,Georgia,31558,30.766939384750756,-81.57108185899244
52591,Hudson,Ohio,44236,41.24354087478989,-81.42633181551383
49094,Elgin,South Carolina,29045,34.154929858700434,-80.84179200227153
56232,New Brighton,Minnesota,56073,44.31182122272728,-94.4655375667796
44124,Belton,Missouri,64012,38.81234923420495,-94.53434546082029
42157,Kenmore,Washington,98028,47.75531208709408,-122.24532354086679
23360,Boiling Springs,South Carolina,29316,35.036021182170124,-81.97793957158062
42716,Maryland Heights,Missouri,63043,38.72167513606661,-90.44551136275864
7662,Valley Center,California,92082,33.25021021386714,-117.03019563481682
7703,Villa Park,Illinois,60181,41.87621649870878,-87.97594241872339
33825,Saline,Michigan,48176,42.1709900377615,-83.79136550045185
14832,Blythewood,South Carolina,29016,34.191775115830715,-80.97728021479274
43207,Washougal,Washington,98671,45.582723002193546,-122.34916363789043
48521,Wilsonville,Oregon,97070,45.306266258156676,-122.77249062157944
6485,Phelan,California,92371,34.34454101428572,-117.48709882853223
223245,Socastee,South Carolina,29142,33.4679215766871,-80.50349747609187
53198,Maumelle,Arkansas,72113,34.85896958463814,-92.40514448225575
20262,Royse City,Texas,75189,32.95916595727981,-96.32946246976137
51996,Farragut,Tennessee,37934,35.8820323380106,-84.1578718625161
24435,Duarte,California,91008,34.149799985899,-117.965632833137
12423,Loma Linda,California,92354,34.07385941452992,-117.26997774498376
25067,Havelock,North Carolina,28532,34.8964033925714,-76.88774914912555
38965,Hercules,California,94547,38.014099264837235,-122.26716688078642
56022,Jenks,Oklahoma,74037,36.00971303310019,-95.97936602712518
44549,Charles Town,West Virginia,25414,39.28963485223883,-77.86247843426048
27322,Sun City Center,Florida,33573,27.710495374455228,-82.3604838202303
37931,Clinton,Utah,84306,41.8256333,-112.06419891064218
34222,Syracuse,Utah,84075,41.079389301913494,-112.07336942668603
36693,Kuna,Idaho,83634,43.497613190569034,-116.4098477186024
28419,Franklin Park,Illinois,60131,41.929560697540985,-87.8767082721702
8150,Arnold,Maryland,21012,39.04773990177086,-76.49846783758805
30723,Canal Winchester,Ohio,43110,39.85541182964828,-82.81520863270643
11262,Edgewater,Maryland,21037,38.91724459095056,-76.53767497722053
32209,Jasper,Indiana,47546,38.40257429247967,-86.93967559766062
18919,Lake Placid,Florida,33852,27.29222015955061,-81.36923514749674
39304,La Plata,Maryland,20646,38.526974020074555,-76.9835523223222
25607,Lino Lakes,Minnesota,56089,43.56150733333334,-93.42309855555555
15136,East Ridge,Tennessee,37178,36.34176396190477,-87.77289879047622
34065,South Saint Paul,Minnesota,55075,44.89097553230645,-93.0484176306386
12251,Lafayette,Colorado,80026,39.995903159749886,-105.10598925752025
52767,Key West,Florida,33040,24.563751295499152,-81.77080066437927
395893,Dewitt,Michigan,48820,42.83828769735552,-84.56881128467799
43724,Pinckney,Michigan,48169,42.450936730337666,-83.91889596862413
34630,Walker,Louisiana,70785,30.515270341605948,-90.85102346229824
51023,Blairsville,Georgia,30512,34.87117950362243,-84.00032112914717
16993,Berlin,Maryland,21811,38.35449270199929,-75.17276092314553
54785,Union,Kentucky,41091,38.94487811049342,-84.67734565453912
16560,Parma Heights,Ohio,44137,41.414025266937244,-81.57088519607358
24267,Crestwood,Kentucky,40014,38.339101416581364,-85.4437636790567
6876,Sachse,Texas,75048,32.96435141454353,-96.58650645274818
42732,Pelham,Alabama,35124,33.31783611842106,-86.79325843713235
49559,Marquette,Michigan,49855,46.533913491895504,-87.39601029389337
12876,Mountlake Terrace,Washington,98043,47.79332409374997,-122.31336379650327
13091,Ojai,California,93023,34.44374643999999,-119.24202620212684
20894,Universal City,Texas,78148,29.5474043540621,-98.29992007395032
34057,South Milwaukee,Wisconsin,53172,42.91156298597559,-87.86672301991854
6769,Rincon,Georgia,31326,32.284127838666684,-81.23527408354776
48883,Affton,Missouri,65606,36.695852286666664,-91.40074786
8827,Town Of Lysander,New York,14806,42.15742212154695,-77.78975801914335
37217,Auburn,Indiana,46706,41.326822674516244,-85.05324068613425
4603,Erlanger,Kentucky,41018,39.01701591983954,-84.60148726301121
39357,Lanham Seabrook,Maryland,20706,38.966036104335316,-76.85286982623137
30522,Bonaire,Georgia,31005,32.53879238264357,-83.6116844966173
22854,Wendell,North Carolina,27591,35.78192032909442,-78.38270437697918
5702,Los Alamos,New Mexico,87544,35.87596918550002,-106.29548762933172
11708,Greencastle,Pennsylvania,17225,39.78954861151994,-77.73634122519557
9020,Nipomo,California,93444,35.03146846344828,-120.4836722362421
53743,Oregon,Ohio,43616,41.64395614408118,-83.47465549174325
18687,Indianola,Iowa,50125,41.35616248860764,-93.57423270327872
396551,La Crescenta-Montrose,California,91214,34.23424917666667,-118.25189679592509
19107,Louisville,Colorado,80027,39.96765634466176,-105.14454554956012
30611,Brookfield,Illinois,60513,41.82066578026906,-87.84520618409235
54194,Rocky River,Ohio,44116,41.47033518542964,-81.85019874926437
11366,Evergreen Park,Illinois,60805,41.72047843094016,-87.69725783176565
6274,Oakton,Virginia,22124,38.886044902421844,-77.32532871329641
7032,Sharpsburg,Georgia,30277,33.39685942558252,-84.67002840992781
33633,Republic,Missouri,65738,37.12434796162225,-93.47724628603528
30760,Carlisle,Pennsylvania,17013,40.201220204374515,-77.19876687243993
47954,Tavares,Florida,32778,28.79801135557052,-81.73185407073917
17184,Brook Park,Ohio,44142,41.39619571109394,-81.83776122017643
36958,Pinole,California,94564,37.9955377075,-122.27206744604544
10363,Berea,Ohio,44017,41.3762067868515,-81.85941375444962
232121,Cinco Ranch,Texas,76437,32.36966665574325,-98.99196175960667
37404,Bethany,Oklahoma,73008,35.5084774890773,-97.61465790715701
52779,Kingsland,Georgia,31548,30.79182742258228,-81.69132156665069
46708,New Cumberland,Pennsylvania,17070,40.21360565011068,-76.8687298023487
23898,Byron,Georgia,31008,32.64539908331793,-83.74768223509132
19002,Lewes,Delaware,19958,38.7524635175171,-75.15764417130379
396968,Flushing,Michigan,48433,43.06060381424171,-83.84140530547018
12477,Lusby,Maryland,20657,38.36556988730133,-76.42798302334386
42569,Orinda,California,94563,37.88577164955714,-122.20041019056927
17889,East Peoria,Illinois,61611,40.683918898220966,-89.54662776439402
19827,Palmyra,Virginia,22963,37.889664222321414,-78.2954437155877
48632,Altoona,Iowa,50009,41.646429384155304,-93.48486997707066
272485,Muhlenberg Township,Pennsylvania,17866,40.788736293605865,-76.55778183298229
31589,Forest Hill,Maryland,21050,39.5789719736917,-76.3773476267444
38414,Erie,Colorado,80516,40.03685641647602,-105.02909364191761
33015,Murphy,Texas,78635,30.2298803,-98.57130911833747
18373,Great Falls,Virginia,22066,39.002584002101806,-77.3050306499877
51492,Collinsville,Oklahoma,74021,36.345690354278766,-95.84369925474556
33068,New Haven,Indiana,46774,41.07251813868341,-85.00874845877561
396788,Town of East Greenbush,New York,12061,42.59624354216158,-73.68401796894877
14500,Waukee,Iowa,50263,41.59654392333975,-93.86454835002986
33400,Peyton,Colorado,80831,38.952036408215456,-104.60095141511407
20241,Rose Hill,Virginia,24281,36.6497121969567,-83.3323496570131
5013,Gulf Breeze,Florida,32561,30.359376363185792,-87.1698203534162
55057,Watkinsville,Georgia,30677,33.86096878815262,-83.42438756256763
398149,Susquehanna Township,Pennsylvania,18847,41.948507984375006,-75.60491459358283
7018,Sevierville,Tennessee,37862,35.814339770670735,-83.58115302739566
32661,Manchester,Missouri,63548,40.556456100000005,-92.52485795
51645,Danville,Indiana,46122,39.76532519553844,-86.51597475462539
30145,Alamo,California,94507,37.852278533333326,-122.03063858175635
39223,Kensington,Maryland,20895,39.03017221978838,-77.07418237115802
10197,Aston Township,Pennsylvania,19014,39.88737951691997,-75.56511237994845
43964,Astoria,Oregon,97103,46.16322234416244,-123.80930010159712
397912,Butler Township,Pennsylvania,16001,40.87658964953152,-79.91816989499664
52698,Johnston,Iowa,50131,41.67243514880623,-93.72308673180702
30526,Bonita,California,91902,32.666372011961215,-117.02276143017471
395464,Lowell,Michigan,49331,42.94276018688946,-85.36650064759789
396690,Setauket,New York,11733,40.931036892791255,-73.09967763411775
35381,Helena,Alabama,35080,33.27849470166962,-86.85724574782658
18524,Hebron,Kentucky,41048,39.08127559555253,-84.71139401021217
11982,Hoschton,Georgia,30548,34.084565741463415,-83.79509171006572
52206,Gibsonton,Florida,33534,27.839247369392034,-82.36546353920728
50551,Willow Spring,North Carolina,27592,35.5657702931108,-78.67783865687713
29344,Saratoga Springs,Utah,84045,40.3166954857143,-111.90057940117362
4977,Greenfield,Indiana,46140,39.79382041928977,-85.79103360663636
25118,Highland,Michigan,48356,42.66378585550913,-83.5872709803299
4208,Cordova,Tennessee,38016,35.172977706738756,-89.78050183400138
25474,Lake Saint Louis,Missouri,63367,38.77824057656766,-90.7922112350031
35932,Pawleys Island,South Carolina,29585,33.45475243113696,-79.13272623945124
20367,Satellite Beach,Florida,32937,28.170388402611962,-80.59813812554573
13227,Payson,Utah,84651,40.02919952222223,-111.74010156000087
55262,Worthington,Ohio,44470,41.28644141176472,-80.95939414117646
21337,Windsor,Colorado,80550,40.47414133732395,-104.90686535758053
46783,North Canton,Ohio,44720,40.88856924172298,-81.42095193662587
53586,Nokomis,Florida,34275,27.139332698493988,-82.44933898812866
14803,Cottonwood,California,96022,40.37337595909091,-122.31868891404625
236486,Pecan Grove,Texas,77619,29.944197888340806,-93.91576831123226
33300,Pacific Grove,California,93950,36.61980607027028,-121.92344879206895
21839,Fruita,Colorado,81521,39.16195371295093,-108.7215427787925
11102,Destin,Florida,32541,30.39464288620202,-86.45769732498307
26113,New River,Arizona,85087,33.88246607999999,-112.14458168555272
22276,Robbinsdale,Minnesota,55918,43.690297790555555,-92.85501798753714
29973,Paradise Valley,Arizona,85253,33.55779041390667,-111.96153421293796
8763,Harrison,Tennessee,37341,35.16589301188525,-85.1014480480995
23431,Aldie,Virginia,20105,38.941545524009285,-77.57231997956907
395416,Locust Grove,Virginia,22508,38.31365194751016,-77.77923869997834
28061,Youngsville,North Carolina,27596,36.004760714259874,-78.45476518823118
35777,Moore,South Carolina,29369,34.88206299865141,-82.02092256621113
17420,Chester Springs,Pennsylvania,19425,40.09331163872953,-75.64793194891806
10848,Clayton,California,94517,37.934099295047176,-121.92266289308414
57088,Chelsea,Michigan,48118,42.31433910363331,-84.01089917820539
51464,Coatesville,Pennsylvania,19320,39.983051276091224,-75.82099240923473
39963,New Albany,Ohio,43054,40.07742914181617,-82.82031715952151
31123,Crowley,Texas,76036,32.57414479690964,-97.3900670678095
36583,Red Bank,Tennessee,37150,36.54032006505375,-85.82654166746624
8000,Woodland Park,Colorado,80863,38.99927291606494,-105.06081115524339
12503,Madisonville,Louisiana,70447,30.428587706349695,-90.17848063400258
125033,Lakeland Highlands,Florida,33801,28.042248932602984,-81.92104174043874
10845,Clawson,Michigan,48017,42.53725968371222,-83.15166208350414
49236,Greenbrier,Tennessee,37073,36.4255354678157,-86.80367920260188
162264,Rosaryville,Maryland,21903,39.57027742300501,-76.0585468966412
7113,Snoqualmie,Washington,98065,47.52781204160775,-121.84943864626538
20544,Solana Beach,California,92075,32.9958935297952,-117.25904498823385
30459,Big Bear City,California,92314,34.25932358749999,-116.85717232752972
32463,Lebanon,Oregon,97355,44.53106713181818,-122.89698353739169
33430,Pinehurst,North Carolina,28374,35.193434776687624,-79.46689235377957
28431,Kelseyville,California,95451,38.98153708515941,-122.81122673319234
31697,Gardendale,Alabama,35071,33.66434910454543,-86.81925411835938
41271,Traverse City,Michigan,49684,44.745174910155676,-85.65900566662445
51743,Downingtown,Pennsylvania,19335,40.01484343364914,-75.7186817603143
10934,Conshohocken,Pennsylvania,19428,40.082042124466135,-75.2990461241458
50992,Bethlehem,Georgia,30620,33.92815525306122,-83.77277895372401
13881,Smithville,Missouri,64089,39.38305992078539,-94.57349021052138
18591,Hobe Sound,Florida,33455,27.080089515823317,-80.14642332156345
27057,Shasta Lake,California,96019,40.678861005769214,-122.36632794095264
46137,Lakeway,Texas,78873,29.742878500000003,-99.76020001933757
112014,Gold Canyon,Arizona,85118,33.325862913636364,-111.36448638509302
32883,Minden,Nevada,89423,38.97898881176471,-119.77130386162338
47525,Saint Pete Beach,Florida,33480,26.724337109453792,-80.04725460175857
4946,Grain Valley,Missouri,64029,39.00855562115384,-94.21109635512019
27104,Signal Mountain,Tennessee,37377,35.15358269232856,-85.3350297307599
17358,Centerton,Arkansas,72719,36.36407667707949,-94.28648620281875
13076,Oakland,Tennessee,38060,35.22140957142859,-89.51450748845497
14963,Bristol,Pennsylvania,19007,40.11002714188766,-74.86092292021289
25841,Mechanicsburg,Pennsylvania,17050,40.25110230704232,-77.00081227331117
32805,Melbourne Beach,Florida,32951,28.010059243290062,-80.53177974534545
54032,Quakertown,Pennsylvania,18951,40.44468489314343,-75.36012441782732
51528,Conover,North Carolina,28613,35.73287764614576,-81.21867254639285
24387,Diamondhead,Mississippi,39525,30.390896714530946,-89.36334487745827
32956,Morrisville,Pennsylvania,19067,40.21776035106095,-74.82875653125528
46429,Mary Esther,Florida,32569,30.414488367805756,-86.71553511187314
55079,Wellington,Colorado,80549,40.7080217,-104.99429719572572
6847,Rotonda West,Florida,33947,26.896855437864083,-82.27314814180178
35858,Mammoth Lakes,California,93546,37.64092964883681,-118.96681964637393
19446,Monticello,Minnesota,55362,45.30159188124684,-93.82077146594783
37716,Camp Hill,Pennsylvania,17011,40.23856676354714,-76.92913729611783
18162,Fort Myers Beach,Florida,33931,26.449262481483206,-81.9356444175053
56223,Red Lion,Pennsylvania,17356,39.9043122322498,-76.61221500517516
16865,Bailey,Colorado,80421,39.48827578928571,-105.37812436477454
12114,Jefferson,Georgia,30549,34.10844982147438,-83.57659503015205
120317,Roxborough Park,Colorado,80517,40.382589403765685,-105.52061225388034
45253,Feasterville Trevose,Pennsylvania,19053,40.14666096790433,-74.97849110028842
32429,Lantana,Texas,75409,33.35101992558684,-96.54276388374561
50716,Ambler,Pennsylvania,19002,40.173758115542,-75.2124078409745
18759,Johnstown,Colorado,80534,40.36318152348484,-104.9460000502365
42174,Hellertown,Pennsylvania,18055,40.58218914105892,-75.32570437453909
396880,Hutchinson Island South,Florida,32003,30.106532404208753,-81.71750060694214
21446,Coraopolis,Pennsylvania,15108,40.50647605620153,-80.15131965356018
24162,Collegeville,Pennsylvania,19426,40.185476066170814,-75.45606809866597
48787,Bridgeville,Pennsylvania,15017,40.34793674800713,-80.11817354423782
15959,Sanibel,Florida,33957,26.447114633839597,-82.08162116274842
5147,Hidden Valley Lake,California,95467,38.795022900000006,-122.54939900789765
26869,Royersford,Pennsylvania,19468,40.20687522604777,-75.53074388978703
36173,Miramar Beach,Florida,32550,30.38410716427157,-86.3496687451636
41536,Waikoloa,Hawaii,96738,19.925221247499998,-155.86341071328414
47409,Roanoke,Texas,76262,32.9879957541594,-97.23866623011162
21021,Vail,Arizona,85641,32.02834123235294,-110.71774510540975
25643,Longboat Key,Florida,34228,27.392011833928564,-82.64134485424752
49592,New Hope,Pennsylvania,18938,40.348777359149345,-74.99479140328452
48710,Arnold,California,95223,38.257253174108705,-120.32870815020631
12306,Langhorne,Pennsylvania,19047,40.17880229514387,-74.91333265289046
33433,Pingree Grove,Illinois,60081,42.4403088221477,-88.21704847779377
