[{"Date": "1913-01-01", "Index": 9.8, "Inflation": null},{"Date": "1913-02-01", "Index": 9.8, "Inflation": 0.0},{"Date": "1913-03-01", "Index": 9.8, "Inflation": 0.0},{"Date": "1913-04-01", "Index": 9.8, "Inflation": 0.0},{"Date": "1913-05-01", "Index": 9.7, "Inflation": -1.02},{"Date": "1913-06-01", "Index": 9.8, "Inflation": 1.03},{"Date": "1913-07-01", "Index": 9.9, "Inflation": 1.02},{"Date": "1913-08-01", "Index": 9.9, "Inflation": 0.0},{"Date": "1913-09-01", "Index": 10.0, "Inflation": 1.01},{"Date": "1913-10-01", "Index": 10.0, "Inflation": 0.0},{"Date": "1913-11-01", "Index": 10.1, "Inflation": 1.0},{"Date": "1913-12-01", "Index": 10.0, "Inflation": -0.99},{"Date": "1914-01-01", "Index": 10.0, "Inflation": 0.0},{"Date": "1914-02-01", "Index": 9.9, "Inflation": -1.0},{"Date": "1914-03-01", "Index": 9.9, "Inflation": 0.0},{"Date": "1914-04-01", "Index": 9.8, "Inflation": -1.01},{"Date": "1914-05-01", "Index": 9.9, "Inflation": 1.02},{"Date": "1914-06-01", "Index": 9.9, "Inflation": 0.0},{"Date": "1914-07-01", "Index": 10.0, "Inflation": 1.01},{"Date": "1914-08-01", "Index": 10.2, "Inflation": 2.0},{"Date": "1914-09-01", "Index": 10.2, "Inflation": 0.0},{"Date": "1914-10-01", "Index": 10.1, "Inflation": -0.98},{"Date": "1914-11-01", "Index": 10.2, "Inflation": 0.99},{"Date": "1914-12-01", "Index": 10.1, "Inflation": -0.98},{"Date": "1915-01-01", "Index": 10.1, "Inflation": 0.0},{"Date": "1915-02-01", "Index": 10.0, "Inflation": -0.99},{"Date": "1915-03-01", "Index": 9.9, "Inflation": -1.0},{"Date": "1915-04-01", "Index": 10.0, "Inflation": 1.01},{"Date": "1915-05-01", "Index": 10.1, "Inflation": 1.0},{"Date": "1915-06-01", "Index": 10.1, "Inflation": 0.0},{"Date": "1915-07-01", "Index": 10.1, "Inflation": 0.0},{"Date": "1915-08-01", "Index": 10.1, "Inflation": 0.0},{"Date": "1915-09-01", "Index": 10.1, "Inflation": 0.0},{"Date": "1915-10-01", "Index": 10.2, "Inflation": 0.99},{"Date": "1915-11-01", "Index": 10.3, "Inflation": 0.98},{"Date": "1915-12-01", "Index": 10.3, "Inflation": 0.0},{"Date": "1916-01-01", "Index": 10.4, "Inflation": 0.97},{"Date": "1916-02-01", "Index": 10.4, "Inflation": 0.0},{"Date": "1916-03-01", "Index": 10.5, "Inflation": 0.96},{"Date": "1916-04-01", "Index": 10.6, "Inflation": 0.95},{"Date": "1916-05-01", "Index": 10.7, "Inflation": 0.94},{"Date": "1916-06-01", "Index": 10.8, "Inflation": 0.93},{"Date": "1916-07-01", "Index": 10.8, "Inflation": 0.0},{"Date": "1916-08-01", "Index": 10.9, "Inflation": 0.93},{"Date": "1916-09-01", "Index": 11.1, "Inflation": 1.83},{"Date": "1916-10-01", "Index": 11.3, "Inflation": 1.8},{"Date": "1916-11-01", "Index": 11.5, "Inflation": 1.77},{"Date": "1916-12-01", "Index": 11.6, "Inflation": 0.87},{"Date": "1917-01-01", "Index": 11.7, "Inflation": 0.86},{"Date": "1917-02-01", "Index": 12.0, "Inflation": 2.56},{"Date": "1917-03-01", "Index": 12.0, "Inflation": 0.0},{"Date": "1917-04-01", "Index": 12.6, "Inflation": 5.0},{"Date": "1917-05-01", "Index": 12.8, "Inflation": 1.59},{"Date": "1917-06-01", "Index": 13.0, "Inflation": 1.56},{"Date": "1917-07-01", "Index": 12.8, "Inflation": -1.54},{"Date": "1917-08-01", "Index": 13.0, "Inflation": 1.56},{"Date": "1917-09-01", "Index": 13.3, "Inflation": 2.31},{"Date": "1917-10-01", "Index": 13.5, "Inflation": 1.5},{"Date": "1917-11-01", "Index": 13.5, "Inflation": 0.0},{"Date": "1917-12-01", "Index": 13.7, "Inflation": 1.48},{"Date": "1918-01-01", "Index": 14.0, "Inflation": 2.19},{"Date": "1918-02-01", "Index": 14.1, "Inflation": 0.71},{"Date": "1918-03-01", "Index": 14.0, "Inflation": -0.71},{"Date": "1918-04-01", "Index": 14.2, "Inflation": 1.43},{"Date": "1918-05-01", "Index": 14.5, "Inflation": 2.11},{"Date": "1918-06-01", "Index": 14.7, "Inflation": 1.38},{"Date": "1918-07-01", "Index": 15.1, "Inflation": 2.72},{"Date": "1918-08-01", "Index": 15.4, "Inflation": 1.99},{"Date": "1918-09-01", "Index": 15.7, "Inflation": 1.95},{"Date": "1918-10-01", "Index": 16.0, "Inflation": 1.91},{"Date": "1918-11-01", "Index": 16.3, "Inflation": 1.88},{"Date": "1918-12-01", "Index": 16.5, "Inflation": 1.23},{"Date": "1919-01-01", "Index": 16.5, "Inflation": 0.0},{"Date": "1919-02-01", "Index": 16.2, "Inflation": -1.82},{"Date": "1919-03-01", "Index": 16.4, "Inflation": 1.23},{"Date": "1919-04-01", "Index": 16.7, "Inflation": 1.83},{"Date": "1919-05-01", "Index": 16.9, "Inflation": 1.2},{"Date": "1919-06-01", "Index": 16.9, "Inflation": 0.0},{"Date": "1919-07-01", "Index": 17.4, "Inflation": 2.96},{"Date": "1919-08-01", "Index": 17.7, "Inflation": 1.72},{"Date": "1919-09-01", "Index": 17.8, "Inflation": 0.56},{"Date": "1919-10-01", "Index": 18.1, "Inflation": 1.69},{"Date": "1919-11-01", "Index": 18.5, "Inflation": 2.21},{"Date": "1919-12-01", "Index": 18.9, "Inflation": 2.16},{"Date": "1920-01-01", "Index": 19.3, "Inflation": 2.12},{"Date": "1920-02-01", "Index": 19.5, "Inflation": 1.04},{"Date": "1920-03-01", "Index": 19.7, "Inflation": 1.03},{"Date": "1920-04-01", "Index": 20.3, "Inflation": 3.05},{"Date": "1920-05-01", "Index": 20.6, "Inflation": 1.48},{"Date": "1920-06-01", "Index": 20.9, "Inflation": 1.46},{"Date": "1920-07-01", "Index": 20.8, "Inflation": -0.48},{"Date": "1920-08-01", "Index": 20.3, "Inflation": -2.4},{"Date": "1920-09-01", "Index": 20.0, "Inflation": -1.48},{"Date": "1920-10-01", "Index": 19.9, "Inflation": -0.5},{"Date": "1920-11-01", "Index": 19.8, "Inflation": -0.5},{"Date": "1920-12-01", "Index": 19.4, "Inflation": -2.02},{"Date": "1921-01-01", "Index": 19.0, "Inflation": -2.06},{"Date": "1921-02-01", "Index": 18.4, "Inflation": -3.16},{"Date": "1921-03-01", "Index": 18.3, "Inflation": -0.54},{"Date": "1921-04-01", "Index": 18.1, "Inflation": -1.09},{"Date": "1921-05-01", "Index": 17.7, "Inflation": -2.21},{"Date": "1921-06-01", "Index": 17.6, "Inflation": -0.56},{"Date": "1921-07-01", "Index": 17.7, "Inflation": 0.57},{"Date": "1921-08-01", "Index": 17.7, "Inflation": 0.0},{"Date": "1921-09-01", "Index": 17.5, "Inflation": -1.13},{"Date": "1921-10-01", "Index": 17.5, "Inflation": 0.0},{"Date": "1921-11-01", "Index": 17.4, "Inflation": -0.57},{"Date": "1921-12-01", "Index": 17.3, "Inflation": -0.57},{"Date": "1922-01-01", "Index": 16.9, "Inflation": -2.31},{"Date": "1922-02-01", "Index": 16.9, "Inflation": 0.0},{"Date": "1922-03-01", "Index": 16.7, "Inflation": -1.18},{"Date": "1922-04-01", "Index": 16.7, "Inflation": 0.0},{"Date": "1922-05-01", "Index": 16.7, "Inflation": 0.0},{"Date": "1922-06-01", "Index": 16.7, "Inflation": 0.0},{"Date": "1922-07-01", "Index": 16.8, "Inflation": 0.6},{"Date": "1922-08-01", "Index": 16.6, "Inflation": -1.19},{"Date": "1922-09-01", "Index": 16.6, "Inflation": 0.0},{"Date": "1922-10-01", "Index": 16.7, "Inflation": 0.6},{"Date": "1922-11-01", "Index": 16.8, "Inflation": 0.6},{"Date": "1922-12-01", "Index": 16.9, "Inflation": 0.6},{"Date": "1923-01-01", "Index": 16.8, "Inflation": -0.59},{"Date": "1923-02-01", "Index": 16.8, "Inflation": 0.0},{"Date": "1923-03-01", "Index": 16.8, "Inflation": 0.0},{"Date": "1923-04-01", "Index": 16.9, "Inflation": 0.6},{"Date": "1923-05-01", "Index": 16.9, "Inflation": 0.0},{"Date": "1923-06-01", "Index": 17.0, "Inflation": 0.59},{"Date": "1923-07-01", "Index": 17.2, "Inflation": 1.18},{"Date": "1923-08-01", "Index": 17.1, "Inflation": -0.58},{"Date": "1923-09-01", "Index": 17.2, "Inflation": 0.58},{"Date": "1923-10-01", "Index": 17.3, "Inflation": 0.58},{"Date": "1923-11-01", "Index": 17.3, "Inflation": 0.0},{"Date": "1923-12-01", "Index": 17.3, "Inflation": 0.0},{"Date": "1924-01-01", "Index": 17.3, "Inflation": 0.0},{"Date": "1924-02-01", "Index": 17.2, "Inflation": -0.58},{"Date": "1924-03-01", "Index": 17.1, "Inflation": -0.58},{"Date": "1924-04-01", "Index": 17.0, "Inflation": -0.58},{"Date": "1924-05-01", "Index": 17.0, "Inflation": 0.0},{"Date": "1924-06-01", "Index": 17.0, "Inflation": 0.0},{"Date": "1924-07-01", "Index": 17.1, "Inflation": 0.59},{"Date": "1924-08-01", "Index": 17.0, "Inflation": -0.58},{"Date": "1924-09-01", "Index": 17.1, "Inflation": 0.59},{"Date": "1924-10-01", "Index": 17.2, "Inflation": 0.58},{"Date": "1924-11-01", "Index": 17.2, "Inflation": 0.0},{"Date": "1924-12-01", "Index": 17.3, "Inflation": 0.58},{"Date": "1925-01-01", "Index": 17.3, "Inflation": 0.0},{"Date": "1925-02-01", "Index": 17.2, "Inflation": -0.58},{"Date": "1925-03-01", "Index": 17.3, "Inflation": 0.58},{"Date": "1925-04-01", "Index": 17.2, "Inflation": -0.58},{"Date": "1925-05-01", "Index": 17.3, "Inflation": 0.58},{"Date": "1925-06-01", "Index": 17.5, "Inflation": 1.16},{"Date": "1925-07-01", "Index": 17.7, "Inflation": 1.14},{"Date": "1925-08-01", "Index": 17.7, "Inflation": 0.0},{"Date": "1925-09-01", "Index": 17.7, "Inflation": 0.0},{"Date": "1925-10-01", "Index": 17.7, "Inflation": 0.0},{"Date": "1925-11-01", "Index": 18.0, "Inflation": 1.69},{"Date": "1925-12-01", "Index": 17.9, "Inflation": -0.56},{"Date": "1926-01-01", "Index": 17.9, "Inflation": 0.0},{"Date": "1926-02-01", "Index": 17.9, "Inflation": 0.0},{"Date": "1926-03-01", "Index": 17.8, "Inflation": -0.56},{"Date": "1926-04-01", "Index": 17.9, "Inflation": 0.56},{"Date": "1926-05-01", "Index": 17.8, "Inflation": -0.56},{"Date": "1926-06-01", "Index": 17.7, "Inflation": -0.56},{"Date": "1926-07-01", "Index": 17.5, "Inflation": -1.13},{"Date": "1926-08-01", "Index": 17.4, "Inflation": -0.57},{"Date": "1926-09-01", "Index": 17.5, "Inflation": 0.57},{"Date": "1926-10-01", "Index": 17.6, "Inflation": 0.57},{"Date": "1926-11-01", "Index": 17.7, "Inflation": 0.57},{"Date": "1926-12-01", "Index": 17.7, "Inflation": 0.0},{"Date": "1927-01-01", "Index": 17.5, "Inflation": -1.13},{"Date": "1927-02-01", "Index": 17.4, "Inflation": -0.57},{"Date": "1927-03-01", "Index": 17.3, "Inflation": -0.57},{"Date": "1927-04-01", "Index": 17.3, "Inflation": 0.0},{"Date": "1927-05-01", "Index": 17.4, "Inflation": 0.58},{"Date": "1927-06-01", "Index": 17.6, "Inflation": 1.15},{"Date": "1927-07-01", "Index": 17.3, "Inflation": -1.7},{"Date": "1927-08-01", "Index": 17.2, "Inflation": -0.58},{"Date": "1927-09-01", "Index": 17.3, "Inflation": 0.58},{"Date": "1927-10-01", "Index": 17.4, "Inflation": 0.58},{"Date": "1927-11-01", "Index": 17.3, "Inflation": -0.57},{"Date": "1927-12-01", "Index": 17.3, "Inflation": 0.0},{"Date": "1928-01-01", "Index": 17.3, "Inflation": 0.0},{"Date": "1928-02-01", "Index": 17.1, "Inflation": -1.16},{"Date": "1928-03-01", "Index": 17.1, "Inflation": 0.0},{"Date": "1928-04-01", "Index": 17.1, "Inflation": 0.0},{"Date": "1928-05-01", "Index": 17.2, "Inflation": 0.58},{"Date": "1928-06-01", "Index": 17.1, "Inflation": -0.58},{"Date": "1928-07-01", "Index": 17.1, "Inflation": 0.0},{"Date": "1928-08-01", "Index": 17.1, "Inflation": 0.0},{"Date": "1928-09-01", "Index": 17.3, "Inflation": 1.17},{"Date": "1928-10-01", "Index": 17.2, "Inflation": -0.58},{"Date": "1928-11-01", "Index": 17.2, "Inflation": 0.0},{"Date": "1928-12-01", "Index": 17.1, "Inflation": -0.58},{"Date": "1929-01-01", "Index": 17.1, "Inflation": 0.0},{"Date": "1929-02-01", "Index": 17.1, "Inflation": 0.0},{"Date": "1929-03-01", "Index": 17.0, "Inflation": -0.58},{"Date": "1929-04-01", "Index": 16.9, "Inflation": -0.59},{"Date": "1929-05-01", "Index": 17.0, "Inflation": 0.59},{"Date": "1929-06-01", "Index": 17.1, "Inflation": 0.59},{"Date": "1929-07-01", "Index": 17.3, "Inflation": 1.17},{"Date": "1929-08-01", "Index": 17.3, "Inflation": 0.0},{"Date": "1929-09-01", "Index": 17.3, "Inflation": 0.0},{"Date": "1929-10-01", "Index": 17.3, "Inflation": 0.0},{"Date": "1929-11-01", "Index": 17.3, "Inflation": 0.0},{"Date": "1929-12-01", "Index": 17.2, "Inflation": -0.58},{"Date": "1930-01-01", "Index": 17.1, "Inflation": -0.58},{"Date": "1930-02-01", "Index": 17.0, "Inflation": -0.58},{"Date": "1930-03-01", "Index": 16.9, "Inflation": -0.59},{"Date": "1930-04-01", "Index": 17.0, "Inflation": 0.59},{"Date": "1930-05-01", "Index": 16.9, "Inflation": -0.59},{"Date": "1930-06-01", "Index": 16.8, "Inflation": -0.59},{"Date": "1930-07-01", "Index": 16.6, "Inflation": -1.19},{"Date": "1930-08-01", "Index": 16.5, "Inflation": -0.6},{"Date": "1930-09-01", "Index": 16.6, "Inflation": 0.61},{"Date": "1930-10-01", "Index": 16.5, "Inflation": -0.6},{"Date": "1930-11-01", "Index": 16.4, "Inflation": -0.61},{"Date": "1930-12-01", "Index": 16.1, "Inflation": -1.83},{"Date": "1931-01-01", "Index": 15.9, "Inflation": -1.24},{"Date": "1931-02-01", "Index": 15.7, "Inflation": -1.26},{"Date": "1931-03-01", "Index": 15.6, "Inflation": -0.64},{"Date": "1931-04-01", "Index": 15.5, "Inflation": -0.64},{"Date": "1931-05-01", "Index": 15.3, "Inflation": -1.29},{"Date": "1931-06-01", "Index": 15.1, "Inflation": -1.31},{"Date": "1931-07-01", "Index": 15.1, "Inflation": 0.0},{"Date": "1931-08-01", "Index": 15.1, "Inflation": 0.0},{"Date": "1931-09-01", "Index": 15.0, "Inflation": -0.66},{"Date": "1931-10-01", "Index": 14.9, "Inflation": -0.67},{"Date": "1931-11-01", "Index": 14.7, "Inflation": -1.34},{"Date": "1931-12-01", "Index": 14.6, "Inflation": -0.68},{"Date": "1932-01-01", "Index": 14.3, "Inflation": -2.05},{"Date": "1932-02-01", "Index": 14.1, "Inflation": -1.4},{"Date": "1932-03-01", "Index": 14.0, "Inflation": -0.71},{"Date": "1932-04-01", "Index": 13.9, "Inflation": -0.71},{"Date": "1932-05-01", "Index": 13.7, "Inflation": -1.44},{"Date": "1932-06-01", "Index": 13.6, "Inflation": -0.73},{"Date": "1932-07-01", "Index": 13.6, "Inflation": 0.0},{"Date": "1932-08-01", "Index": 13.5, "Inflation": -0.74},{"Date": "1932-09-01", "Index": 13.4, "Inflation": -0.74},{"Date": "1932-10-01", "Index": 13.3, "Inflation": -0.75},{"Date": "1932-11-01", "Index": 13.2, "Inflation": -0.75},{"Date": "1932-12-01", "Index": 13.1, "Inflation": -0.76},{"Date": "1933-01-01", "Index": 12.9, "Inflation": -1.53},{"Date": "1933-02-01", "Index": 12.7, "Inflation": -1.55},{"Date": "1933-03-01", "Index": 12.6, "Inflation": -0.79},{"Date": "1933-04-01", "Index": 12.6, "Inflation": 0.0},{"Date": "1933-05-01", "Index": 12.6, "Inflation": 0.0},{"Date": "1933-06-01", "Index": 12.7, "Inflation": 0.79},{"Date": "1933-07-01", "Index": 13.1, "Inflation": 3.15},{"Date": "1933-08-01", "Index": 13.2, "Inflation": 0.76},{"Date": "1933-09-01", "Index": 13.2, "Inflation": 0.0},{"Date": "1933-10-01", "Index": 13.2, "Inflation": 0.0},{"Date": "1933-11-01", "Index": 13.2, "Inflation": 0.0},{"Date": "1933-12-01", "Index": 13.2, "Inflation": 0.0},{"Date": "1934-01-01", "Index": 13.2, "Inflation": 0.0},{"Date": "1934-02-01", "Index": 13.3, "Inflation": 0.76},{"Date": "1934-03-01", "Index": 13.3, "Inflation": 0.0},{"Date": "1934-04-01", "Index": 13.3, "Inflation": 0.0},{"Date": "1934-05-01", "Index": 13.3, "Inflation": 0.0},{"Date": "1934-06-01", "Index": 13.4, "Inflation": 0.75},{"Date": "1934-07-01", "Index": 13.4, "Inflation": 0.0},{"Date": "1934-08-01", "Index": 13.4, "Inflation": 0.0},{"Date": "1934-09-01", "Index": 13.6, "Inflation": 1.49},{"Date": "1934-10-01", "Index": 13.5, "Inflation": -0.74},{"Date": "1934-11-01", "Index": 13.5, "Inflation": 0.0},{"Date": "1934-12-01", "Index": 13.4, "Inflation": -0.74},{"Date": "1935-01-01", "Index": 13.6, "Inflation": 1.49},{"Date": "1935-02-01", "Index": 13.7, "Inflation": 0.74},{"Date": "1935-03-01", "Index": 13.7, "Inflation": 0.0},{"Date": "1935-04-01", "Index": 13.8, "Inflation": 0.73},{"Date": "1935-05-01", "Index": 13.8, "Inflation": 0.0},{"Date": "1935-06-01", "Index": 13.7, "Inflation": -0.72},{"Date": "1935-07-01", "Index": 13.7, "Inflation": 0.0},{"Date": "1935-08-01", "Index": 13.7, "Inflation": 0.0},{"Date": "1935-09-01", "Index": 13.7, "Inflation": 0.0},{"Date": "1935-10-01", "Index": 13.7, "Inflation": 0.0},{"Date": "1935-11-01", "Index": 13.8, "Inflation": 0.73},{"Date": "1935-12-01", "Index": 13.8, "Inflation": 0.0},{"Date": "1936-01-01", "Index": 13.8, "Inflation": 0.0},{"Date": "1936-02-01", "Index": 13.8, "Inflation": 0.0},{"Date": "1936-03-01", "Index": 13.7, "Inflation": -0.72},{"Date": "1936-04-01", "Index": 13.7, "Inflation": 0.0},{"Date": "1936-05-01", "Index": 13.7, "Inflation": 0.0},{"Date": "1936-06-01", "Index": 13.8, "Inflation": 0.73},{"Date": "1936-07-01", "Index": 13.9, "Inflation": 0.72},{"Date": "1936-08-01", "Index": 14.0, "Inflation": 0.72},{"Date": "1936-09-01", "Index": 14.0, "Inflation": 0.0},{"Date": "1936-10-01", "Index": 14.0, "Inflation": 0.0},{"Date": "1936-11-01", "Index": 14.0, "Inflation": 0.0},{"Date": "1936-12-01", "Index": 14.0, "Inflation": 0.0},{"Date": "1937-01-01", "Index": 14.1, "Inflation": 0.71},{"Date": "1937-02-01", "Index": 14.1, "Inflation": 0.0},{"Date": "1937-03-01", "Index": 14.2, "Inflation": 0.71},{"Date": "1937-04-01", "Index": 14.3, "Inflation": 0.7},{"Date": "1937-05-01", "Index": 14.4, "Inflation": 0.7},{"Date": "1937-06-01", "Index": 14.4, "Inflation": 0.0},{"Date": "1937-07-01", "Index": 14.5, "Inflation": 0.69},{"Date": "1937-08-01", "Index": 14.5, "Inflation": 0.0},{"Date": "1937-09-01", "Index": 14.6, "Inflation": 0.69},{"Date": "1937-10-01", "Index": 14.6, "Inflation": 0.0},{"Date": "1937-11-01", "Index": 14.5, "Inflation": -0.68},{"Date": "1937-12-01", "Index": 14.4, "Inflation": -0.69},{"Date": "1938-01-01", "Index": 14.2, "Inflation": -1.39},{"Date": "1938-02-01", "Index": 14.1, "Inflation": -0.7},{"Date": "1938-03-01", "Index": 14.1, "Inflation": 0.0},{"Date": "1938-04-01", "Index": 14.2, "Inflation": 0.71},{"Date": "1938-05-01", "Index": 14.1, "Inflation": -0.7},{"Date": "1938-06-01", "Index": 14.1, "Inflation": 0.0},{"Date": "1938-07-01", "Index": 14.1, "Inflation": 0.0},{"Date": "1938-08-01", "Index": 14.1, "Inflation": 0.0},{"Date": "1938-09-01", "Index": 14.1, "Inflation": 0.0},{"Date": "1938-10-01", "Index": 14.0, "Inflation": -0.71},{"Date": "1938-11-01", "Index": 14.0, "Inflation": 0.0},{"Date": "1938-12-01", "Index": 14.0, "Inflation": 0.0},{"Date": "1939-01-01", "Index": 14.0, "Inflation": 0.0},{"Date": "1939-02-01", "Index": 13.9, "Inflation": -0.71},{"Date": "1939-03-01", "Index": 13.9, "Inflation": 0.0},{"Date": "1939-04-01", "Index": 13.8, "Inflation": -0.72},{"Date": "1939-05-01", "Index": 13.8, "Inflation": 0.0},{"Date": "1939-06-01", "Index": 13.8, "Inflation": 0.0},{"Date": "1939-07-01", "Index": 13.8, "Inflation": 0.0},{"Date": "1939-08-01", "Index": 13.8, "Inflation": 0.0},{"Date": "1939-09-01", "Index": 14.1, "Inflation": 2.17},{"Date": "1939-10-01", "Index": 14.0, "Inflation": -0.71},{"Date": "1939-11-01", "Index": 14.0, "Inflation": 0.0},{"Date": "1939-12-01", "Index": 14.0, "Inflation": 0.0},{"Date": "1940-01-01", "Index": 13.9, "Inflation": -0.71},{"Date": "1940-02-01", "Index": 14.0, "Inflation": 0.72},{"Date": "1940-03-01", "Index": 14.0, "Inflation": 0.0},{"Date": "1940-04-01", "Index": 14.0, "Inflation": 0.0},{"Date": "1940-05-01", "Index": 14.0, "Inflation": 0.0},{"Date": "1940-06-01", "Index": 14.1, "Inflation": 0.71},{"Date": "1940-07-01", "Index": 14.0, "Inflation": -0.71},{"Date": "1940-08-01", "Index": 14.0, "Inflation": 0.0},{"Date": "1940-09-01", "Index": 14.0, "Inflation": 0.0},{"Date": "1940-10-01", "Index": 14.0, "Inflation": 0.0},{"Date": "1940-11-01", "Index": 14.0, "Inflation": 0.0},{"Date": "1940-12-01", "Index": 14.1, "Inflation": 0.71},{"Date": "1941-01-01", "Index": 14.1, "Inflation": 0.0},{"Date": "1941-02-01", "Index": 14.1, "Inflation": 0.0},{"Date": "1941-03-01", "Index": 14.2, "Inflation": 0.71},{"Date": "1941-04-01", "Index": 14.3, "Inflation": 0.7},{"Date": "1941-05-01", "Index": 14.4, "Inflation": 0.7},{"Date": "1941-06-01", "Index": 14.7, "Inflation": 2.08},{"Date": "1941-07-01", "Index": 14.7, "Inflation": 0.0},{"Date": "1941-08-01", "Index": 14.9, "Inflation": 1.36},{"Date": "1941-09-01", "Index": 15.1, "Inflation": 1.34},{"Date": "1941-10-01", "Index": 15.3, "Inflation": 1.32},{"Date": "1941-11-01", "Index": 15.4, "Inflation": 0.65},{"Date": "1941-12-01", "Index": 15.5, "Inflation": 0.65},{"Date": "1942-01-01", "Index": 15.7, "Inflation": 1.29},{"Date": "1942-02-01", "Index": 15.8, "Inflation": 0.64},{"Date": "1942-03-01", "Index": 16.0, "Inflation": 1.27},{"Date": "1942-04-01", "Index": 16.1, "Inflation": 0.63},{"Date": "1942-05-01", "Index": 16.3, "Inflation": 1.24},{"Date": "1942-06-01", "Index": 16.3, "Inflation": 0.0},{"Date": "1942-07-01", "Index": 16.4, "Inflation": 0.61},{"Date": "1942-08-01", "Index": 16.5, "Inflation": 0.61},{"Date": "1942-09-01", "Index": 16.5, "Inflation": 0.0},{"Date": "1942-10-01", "Index": 16.7, "Inflation": 1.21},{"Date": "1942-11-01", "Index": 16.8, "Inflation": 0.6},{"Date": "1942-12-01", "Index": 16.9, "Inflation": 0.6},{"Date": "1943-01-01", "Index": 16.9, "Inflation": 0.0},{"Date": "1943-02-01", "Index": 16.9, "Inflation": 0.0},{"Date": "1943-03-01", "Index": 17.2, "Inflation": 1.78},{"Date": "1943-04-01", "Index": 17.4, "Inflation": 1.16},{"Date": "1943-05-01", "Index": 17.5, "Inflation": 0.57},{"Date": "1943-06-01", "Index": 17.5, "Inflation": 0.0},{"Date": "1943-07-01", "Index": 17.4, "Inflation": -0.57},{"Date": "1943-08-01", "Index": 17.3, "Inflation": -0.57},{"Date": "1943-09-01", "Index": 17.4, "Inflation": 0.58},{"Date": "1943-10-01", "Index": 17.4, "Inflation": 0.0},{"Date": "1943-11-01", "Index": 17.4, "Inflation": 0.0},{"Date": "1943-12-01", "Index": 17.4, "Inflation": 0.0},{"Date": "1944-01-01", "Index": 17.4, "Inflation": 0.0},{"Date": "1944-02-01", "Index": 17.4, "Inflation": 0.0},{"Date": "1944-03-01", "Index": 17.4, "Inflation": 0.0},{"Date": "1944-04-01", "Index": 17.5, "Inflation": 0.57},{"Date": "1944-05-01", "Index": 17.5, "Inflation": 0.0},{"Date": "1944-06-01", "Index": 17.6, "Inflation": 0.57},{"Date": "1944-07-01", "Index": 17.7, "Inflation": 0.57},{"Date": "1944-08-01", "Index": 17.7, "Inflation": 0.0},{"Date": "1944-09-01", "Index": 17.7, "Inflation": 0.0},{"Date": "1944-10-01", "Index": 17.7, "Inflation": 0.0},{"Date": "1944-11-01", "Index": 17.7, "Inflation": 0.0},{"Date": "1944-12-01", "Index": 17.8, "Inflation": 0.56},{"Date": "1945-01-01", "Index": 17.8, "Inflation": 0.0},{"Date": "1945-02-01", "Index": 17.8, "Inflation": 0.0},{"Date": "1945-03-01", "Index": 17.8, "Inflation": 0.0},{"Date": "1945-04-01", "Index": 17.8, "Inflation": 0.0},{"Date": "1945-05-01", "Index": 17.9, "Inflation": 0.56},{"Date": "1945-06-01", "Index": 18.1, "Inflation": 1.12},{"Date": "1945-07-01", "Index": 18.1, "Inflation": 0.0},{"Date": "1945-08-01", "Index": 18.1, "Inflation": 0.0},{"Date": "1945-09-01", "Index": 18.1, "Inflation": 0.0},{"Date": "1945-10-01", "Index": 18.1, "Inflation": 0.0},{"Date": "1945-11-01", "Index": 18.1, "Inflation": 0.0},{"Date": "1945-12-01", "Index": 18.2, "Inflation": 0.55},{"Date": "1946-01-01", "Index": 18.2, "Inflation": 0.0},{"Date": "1946-02-01", "Index": 18.1, "Inflation": -0.55},{"Date": "1946-03-01", "Index": 18.3, "Inflation": 1.1},{"Date": "1946-04-01", "Index": 18.4, "Inflation": 0.55},{"Date": "1946-05-01", "Index": 18.5, "Inflation": 0.54},{"Date": "1946-06-01", "Index": 18.7, "Inflation": 1.08},{"Date": "1946-07-01", "Index": 19.8, "Inflation": 5.88},{"Date": "1946-08-01", "Index": 20.2, "Inflation": 2.02},{"Date": "1946-09-01", "Index": 20.4, "Inflation": 0.99},{"Date": "1946-10-01", "Index": 20.8, "Inflation": 1.96},{"Date": "1946-11-01", "Index": 21.3, "Inflation": 2.4},{"Date": "1946-12-01", "Index": 21.5, "Inflation": 0.94},{"Date": "1947-01-01", "Index": 21.5, "Inflation": 0.0},{"Date": "1947-02-01", "Index": 21.5, "Inflation": 0.0},{"Date": "1947-03-01", "Index": 21.9, "Inflation": 1.86},{"Date": "1947-04-01", "Index": 21.9, "Inflation": 0.0},{"Date": "1947-05-01", "Index": 21.9, "Inflation": 0.0},{"Date": "1947-06-01", "Index": 22.0, "Inflation": 0.46},{"Date": "1947-07-01", "Index": 22.2, "Inflation": 0.91},{"Date": "1947-08-01", "Index": 22.5, "Inflation": 1.35},{"Date": "1947-09-01", "Index": 23.0, "Inflation": 2.22},{"Date": "1947-10-01", "Index": 23.0, "Inflation": 0.0},{"Date": "1947-11-01", "Index": 23.1, "Inflation": 0.43},{"Date": "1947-12-01", "Index": 23.4, "Inflation": 1.3},{"Date": "1948-01-01", "Index": 23.7, "Inflation": 1.28},{"Date": "1948-02-01", "Index": 23.5, "Inflation": -0.84},{"Date": "1948-03-01", "Index": 23.4, "Inflation": -0.43},{"Date": "1948-04-01", "Index": 23.8, "Inflation": 1.71},{"Date": "1948-05-01", "Index": 23.9, "Inflation": 0.42},{"Date": "1948-06-01", "Index": 24.1, "Inflation": 0.84},{"Date": "1948-07-01", "Index": 24.4, "Inflation": 1.24},{"Date": "1948-08-01", "Index": 24.5, "Inflation": 0.41},{"Date": "1948-09-01", "Index": 24.5, "Inflation": 0.0},{"Date": "1948-10-01", "Index": 24.4, "Inflation": -0.41},{"Date": "1948-11-01", "Index": 24.2, "Inflation": -0.82},{"Date": "1948-12-01", "Index": 24.1, "Inflation": -0.41},{"Date": "1949-01-01", "Index": 24.0, "Inflation": -0.41},{"Date": "1949-02-01", "Index": 23.8, "Inflation": -0.83},{"Date": "1949-03-01", "Index": 23.8, "Inflation": 0.0},{"Date": "1949-04-01", "Index": 23.9, "Inflation": 0.42},{"Date": "1949-05-01", "Index": 23.8, "Inflation": -0.42},{"Date": "1949-06-01", "Index": 23.9, "Inflation": 0.42},{"Date": "1949-07-01", "Index": 23.7, "Inflation": -0.84},{"Date": "1949-08-01", "Index": 23.8, "Inflation": 0.42},{"Date": "1949-09-01", "Index": 23.9, "Inflation": 0.42},{"Date": "1949-10-01", "Index": 23.7, "Inflation": -0.84},{"Date": "1949-11-01", "Index": 23.8, "Inflation": 0.42},{"Date": "1949-12-01", "Index": 23.6, "Inflation": -0.84},{"Date": "1950-01-01", "Index": 23.5, "Inflation": -0.42},{"Date": "1950-02-01", "Index": 23.5, "Inflation": 0.0},{"Date": "1950-03-01", "Index": 23.6, "Inflation": 0.43},{"Date": "1950-04-01", "Index": 23.6, "Inflation": 0.0},{"Date": "1950-05-01", "Index": 23.7, "Inflation": 0.42},{"Date": "1950-06-01", "Index": 23.8, "Inflation": 0.42},{"Date": "1950-07-01", "Index": 24.1, "Inflation": 1.26},{"Date": "1950-08-01", "Index": 24.3, "Inflation": 0.83},{"Date": "1950-09-01", "Index": 24.4, "Inflation": 0.41},{"Date": "1950-10-01", "Index": 24.6, "Inflation": 0.82},{"Date": "1950-11-01", "Index": 24.7, "Inflation": 0.41},{"Date": "1950-12-01", "Index": 25.0, "Inflation": 1.21},{"Date": "1951-01-01", "Index": 25.4, "Inflation": 1.6},{"Date": "1951-02-01", "Index": 25.7, "Inflation": 1.18},{"Date": "1951-03-01", "Index": 25.8, "Inflation": 0.39},{"Date": "1951-04-01", "Index": 25.8, "Inflation": 0.0},{"Date": "1951-05-01", "Index": 25.9, "Inflation": 0.39},{"Date": "1951-06-01", "Index": 25.9, "Inflation": 0.0},{"Date": "1951-07-01", "Index": 25.9, "Inflation": 0.0},{"Date": "1951-08-01", "Index": 25.9, "Inflation": 0.0},{"Date": "1951-09-01", "Index": 26.1, "Inflation": 0.77},{"Date": "1951-10-01", "Index": 26.2, "Inflation": 0.38},{"Date": "1951-11-01", "Index": 26.4, "Inflation": 0.76},{"Date": "1951-12-01", "Index": 26.5, "Inflation": 0.38},{"Date": "1952-01-01", "Index": 26.5, "Inflation": 0.0},{"Date": "1952-02-01", "Index": 26.3, "Inflation": -0.75},{"Date": "1952-03-01", "Index": 26.3, "Inflation": 0.0},{"Date": "1952-04-01", "Index": 26.4, "Inflation": 0.38},{"Date": "1952-05-01", "Index": 26.4, "Inflation": 0.0},{"Date": "1952-06-01", "Index": 26.5, "Inflation": 0.38},{"Date": "1952-07-01", "Index": 26.7, "Inflation": 0.75},{"Date": "1952-08-01", "Index": 26.7, "Inflation": 0.0},{"Date": "1952-09-01", "Index": 26.7, "Inflation": 0.0},{"Date": "1952-10-01", "Index": 26.7, "Inflation": 0.0},{"Date": "1952-11-01", "Index": 26.7, "Inflation": 0.0},{"Date": "1952-12-01", "Index": 26.7, "Inflation": 0.0},{"Date": "1953-01-01", "Index": 26.6, "Inflation": -0.37},{"Date": "1953-02-01", "Index": 26.5, "Inflation": -0.38},{"Date": "1953-03-01", "Index": 26.6, "Inflation": 0.38},{"Date": "1953-04-01", "Index": 26.6, "Inflation": 0.0},{"Date": "1953-05-01", "Index": 26.7, "Inflation": 0.38},{"Date": "1953-06-01", "Index": 26.8, "Inflation": 0.37},{"Date": "1953-07-01", "Index": 26.8, "Inflation": 0.0},{"Date": "1953-08-01", "Index": 26.9, "Inflation": 0.37},{"Date": "1953-09-01", "Index": 26.9, "Inflation": 0.0},{"Date": "1953-10-01", "Index": 27.0, "Inflation": 0.37},{"Date": "1953-11-01", "Index": 26.9, "Inflation": -0.37},{"Date": "1953-12-01", "Index": 26.9, "Inflation": 0.0},{"Date": "1954-01-01", "Index": 26.9, "Inflation": 0.0},{"Date": "1954-02-01", "Index": 26.9, "Inflation": 0.0},{"Date": "1954-03-01", "Index": 26.9, "Inflation": 0.0},{"Date": "1954-04-01", "Index": 26.8, "Inflation": -0.37},{"Date": "1954-05-01", "Index": 26.9, "Inflation": 0.37},{"Date": "1954-06-01", "Index": 26.9, "Inflation": 0.0},{"Date": "1954-07-01", "Index": 26.9, "Inflation": 0.0},{"Date": "1954-08-01", "Index": 26.9, "Inflation": 0.0},{"Date": "1954-09-01", "Index": 26.8, "Inflation": -0.37},{"Date": "1954-10-01", "Index": 26.8, "Inflation": 0.0},{"Date": "1954-11-01", "Index": 26.8, "Inflation": 0.0},{"Date": "1954-12-01", "Index": 26.7, "Inflation": -0.37},{"Date": "1955-01-01", "Index": 26.7, "Inflation": 0.0},{"Date": "1955-02-01", "Index": 26.7, "Inflation": 0.0},{"Date": "1955-03-01", "Index": 26.7, "Inflation": 0.0},{"Date": "1955-04-01", "Index": 26.7, "Inflation": 0.0},{"Date": "1955-05-01", "Index": 26.7, "Inflation": 0.0},{"Date": "1955-06-01", "Index": 26.7, "Inflation": 0.0},{"Date": "1955-07-01", "Index": 26.8, "Inflation": 0.37},{"Date": "1955-08-01", "Index": 26.8, "Inflation": 0.0},{"Date": "1955-09-01", "Index": 26.9, "Inflation": 0.37},{"Date": "1955-10-01", "Index": 26.9, "Inflation": 0.0},{"Date": "1955-11-01", "Index": 26.9, "Inflation": 0.0},{"Date": "1955-12-01", "Index": 26.8, "Inflation": -0.37},{"Date": "1956-01-01", "Index": 26.8, "Inflation": 0.0},{"Date": "1956-02-01", "Index": 26.8, "Inflation": 0.0},{"Date": "1956-03-01", "Index": 26.8, "Inflation": 0.0},{"Date": "1956-04-01", "Index": 26.9, "Inflation": 0.37},{"Date": "1956-05-01", "Index": 27.0, "Inflation": 0.37},{"Date": "1956-06-01", "Index": 27.2, "Inflation": 0.74},{"Date": "1956-07-01", "Index": 27.4, "Inflation": 0.74},{"Date": "1956-08-01", "Index": 27.3, "Inflation": -0.36},{"Date": "1956-09-01", "Index": 27.4, "Inflation": 0.37},{"Date": "1956-10-01", "Index": 27.5, "Inflation": 0.36},{"Date": "1956-11-01", "Index": 27.5, "Inflation": 0.0},{"Date": "1956-12-01", "Index": 27.6, "Inflation": 0.36},{"Date": "1957-01-01", "Index": 27.6, "Inflation": 0.0},{"Date": "1957-02-01", "Index": 27.7, "Inflation": 0.36},{"Date": "1957-03-01", "Index": 27.8, "Inflation": 0.36},{"Date": "1957-04-01", "Index": 27.9, "Inflation": 0.36},{"Date": "1957-05-01", "Index": 28.0, "Inflation": 0.36},{"Date": "1957-06-01", "Index": 28.1, "Inflation": 0.36},{"Date": "1957-07-01", "Index": 28.3, "Inflation": 0.71},{"Date": "1957-08-01", "Index": 28.3, "Inflation": 0.0},{"Date": "1957-09-01", "Index": 28.3, "Inflation": 0.0},{"Date": "1957-10-01", "Index": 28.3, "Inflation": 0.0},{"Date": "1957-11-01", "Index": 28.4, "Inflation": 0.35},{"Date": "1957-12-01", "Index": 28.4, "Inflation": 0.0},{"Date": "1958-01-01", "Index": 28.6, "Inflation": 0.7},{"Date": "1958-02-01", "Index": 28.6, "Inflation": 0.0},{"Date": "1958-03-01", "Index": 28.8, "Inflation": 0.7},{"Date": "1958-04-01", "Index": 28.9, "Inflation": 0.35},{"Date": "1958-05-01", "Index": 28.9, "Inflation": 0.0},{"Date": "1958-06-01", "Index": 28.9, "Inflation": 0.0},{"Date": "1958-07-01", "Index": 29.0, "Inflation": 0.35},{"Date": "1958-08-01", "Index": 28.9, "Inflation": -0.34},{"Date": "1958-09-01", "Index": 28.9, "Inflation": 0.0},{"Date": "1958-10-01", "Index": 28.9, "Inflation": 0.0},{"Date": "1958-11-01", "Index": 29.0, "Inflation": 0.35},{"Date": "1958-12-01", "Index": 28.9, "Inflation": -0.34},{"Date": "1959-01-01", "Index": 29.0, "Inflation": 0.35},{"Date": "1959-02-01", "Index": 28.9, "Inflation": -0.34},{"Date": "1959-03-01", "Index": 28.9, "Inflation": 0.0},{"Date": "1959-04-01", "Index": 29.0, "Inflation": 0.35},{"Date": "1959-05-01", "Index": 29.0, "Inflation": 0.0},{"Date": "1959-06-01", "Index": 29.1, "Inflation": 0.34},{"Date": "1959-07-01", "Index": 29.2, "Inflation": 0.34},{"Date": "1959-08-01", "Index": 29.2, "Inflation": 0.0},{"Date": "1959-09-01", "Index": 29.3, "Inflation": 0.34},{"Date": "1959-10-01", "Index": 29.4, "Inflation": 0.34},{"Date": "1959-11-01", "Index": 29.4, "Inflation": 0.0},{"Date": "1959-12-01", "Index": 29.4, "Inflation": 0.0},{"Date": "1960-01-01", "Index": 29.3, "Inflation": -0.34},{"Date": "1960-02-01", "Index": 29.4, "Inflation": 0.34},{"Date": "1960-03-01", "Index": 29.4, "Inflation": 0.0},{"Date": "1960-04-01", "Index": 29.5, "Inflation": 0.34},{"Date": "1960-05-01", "Index": 29.5, "Inflation": 0.0},{"Date": "1960-06-01", "Index": 29.6, "Inflation": 0.34},{"Date": "1960-07-01", "Index": 29.6, "Inflation": 0.0},{"Date": "1960-08-01", "Index": 29.6, "Inflation": 0.0},{"Date": "1960-09-01", "Index": 29.6, "Inflation": 0.0},{"Date": "1960-10-01", "Index": 29.8, "Inflation": 0.68},{"Date": "1960-11-01", "Index": 29.8, "Inflation": 0.0},{"Date": "1960-12-01", "Index": 29.8, "Inflation": 0.0},{"Date": "1961-01-01", "Index": 29.8, "Inflation": 0.0},{"Date": "1961-02-01", "Index": 29.8, "Inflation": 0.0},{"Date": "1961-03-01", "Index": 29.8, "Inflation": 0.0},{"Date": "1961-04-01", "Index": 29.8, "Inflation": 0.0},{"Date": "1961-05-01", "Index": 29.8, "Inflation": 0.0},{"Date": "1961-06-01", "Index": 29.8, "Inflation": 0.0},{"Date": "1961-07-01", "Index": 30.0, "Inflation": 0.67},{"Date": "1961-08-01", "Index": 29.9, "Inflation": -0.33},{"Date": "1961-09-01", "Index": 30.0, "Inflation": 0.33},{"Date": "1961-10-01", "Index": 30.0, "Inflation": 0.0},{"Date": "1961-11-01", "Index": 30.0, "Inflation": 0.0},{"Date": "1961-12-01", "Index": 30.0, "Inflation": 0.0},{"Date": "1962-01-01", "Index": 30.0, "Inflation": 0.0},{"Date": "1962-02-01", "Index": 30.1, "Inflation": 0.33},{"Date": "1962-03-01", "Index": 30.1, "Inflation": 0.0},{"Date": "1962-04-01", "Index": 30.2, "Inflation": 0.33},{"Date": "1962-05-01", "Index": 30.2, "Inflation": 0.0},{"Date": "1962-06-01", "Index": 30.2, "Inflation": 0.0},{"Date": "1962-07-01", "Index": 30.3, "Inflation": 0.33},{"Date": "1962-08-01", "Index": 30.3, "Inflation": 0.0},{"Date": "1962-09-01", "Index": 30.4, "Inflation": 0.33},{"Date": "1962-10-01", "Index": 30.4, "Inflation": 0.0},{"Date": "1962-11-01", "Index": 30.4, "Inflation": 0.0},{"Date": "1962-12-01", "Index": 30.4, "Inflation": 0.0},{"Date": "1963-01-01", "Index": 30.4, "Inflation": 0.0},{"Date": "1963-02-01", "Index": 30.4, "Inflation": 0.0},{"Date": "1963-03-01", "Index": 30.5, "Inflation": 0.33},{"Date": "1963-04-01", "Index": 30.5, "Inflation": 0.0},{"Date": "1963-05-01", "Index": 30.5, "Inflation": 0.0},{"Date": "1963-06-01", "Index": 30.6, "Inflation": 0.33},{"Date": "1963-07-01", "Index": 30.7, "Inflation": 0.33},{"Date": "1963-08-01", "Index": 30.7, "Inflation": 0.0},{"Date": "1963-09-01", "Index": 30.7, "Inflation": 0.0},{"Date": "1963-10-01", "Index": 30.8, "Inflation": 0.33},{"Date": "1963-11-01", "Index": 30.8, "Inflation": 0.0},{"Date": "1963-12-01", "Index": 30.9, "Inflation": 0.32},{"Date": "1964-01-01", "Index": 30.9, "Inflation": 0.0},{"Date": "1964-02-01", "Index": 30.9, "Inflation": 0.0},{"Date": "1964-03-01", "Index": 30.9, "Inflation": 0.0},{"Date": "1964-04-01", "Index": 30.9, "Inflation": 0.0},{"Date": "1964-05-01", "Index": 30.9, "Inflation": 0.0},{"Date": "1964-06-01", "Index": 31.0, "Inflation": 0.32},{"Date": "1964-07-01", "Index": 31.1, "Inflation": 0.32},{"Date": "1964-08-01", "Index": 31.0, "Inflation": -0.32},{"Date": "1964-09-01", "Index": 31.1, "Inflation": 0.32},{"Date": "1964-10-01", "Index": 31.1, "Inflation": 0.0},{"Date": "1964-11-01", "Index": 31.2, "Inflation": 0.32},{"Date": "1964-12-01", "Index": 31.2, "Inflation": 0.0},{"Date": "1965-01-01", "Index": 31.2, "Inflation": 0.0},{"Date": "1965-02-01", "Index": 31.2, "Inflation": 0.0},{"Date": "1965-03-01", "Index": 31.3, "Inflation": 0.32},{"Date": "1965-04-01", "Index": 31.4, "Inflation": 0.32},{"Date": "1965-05-01", "Index": 31.4, "Inflation": 0.0},{"Date": "1965-06-01", "Index": 31.6, "Inflation": 0.64},{"Date": "1965-07-01", "Index": 31.6, "Inflation": 0.0},{"Date": "1965-08-01", "Index": 31.6, "Inflation": 0.0},{"Date": "1965-09-01", "Index": 31.6, "Inflation": 0.0},{"Date": "1965-10-01", "Index": 31.7, "Inflation": 0.32},{"Date": "1965-11-01", "Index": 31.7, "Inflation": 0.0},{"Date": "1965-12-01", "Index": 31.8, "Inflation": 0.32},{"Date": "1966-01-01", "Index": 31.8, "Inflation": 0.0},{"Date": "1966-02-01", "Index": 32.0, "Inflation": 0.63},{"Date": "1966-03-01", "Index": 32.1, "Inflation": 0.31},{"Date": "1966-04-01", "Index": 32.3, "Inflation": 0.62},{"Date": "1966-05-01", "Index": 32.3, "Inflation": 0.0},{"Date": "1966-06-01", "Index": 32.4, "Inflation": 0.31},{"Date": "1966-07-01", "Index": 32.5, "Inflation": 0.31},{"Date": "1966-08-01", "Index": 32.7, "Inflation": 0.62},{"Date": "1966-09-01", "Index": 32.7, "Inflation": 0.0},{"Date": "1966-10-01", "Index": 32.9, "Inflation": 0.61},{"Date": "1966-11-01", "Index": 32.9, "Inflation": 0.0},{"Date": "1966-12-01", "Index": 32.9, "Inflation": 0.0},{"Date": "1967-01-01", "Index": 32.9, "Inflation": 0.0},{"Date": "1967-02-01", "Index": 32.9, "Inflation": 0.0},{"Date": "1967-03-01", "Index": 33.0, "Inflation": 0.3},{"Date": "1967-04-01", "Index": 33.1, "Inflation": 0.3},{"Date": "1967-05-01", "Index": 33.2, "Inflation": 0.3},{"Date": "1967-06-01", "Index": 33.3, "Inflation": 0.3},{"Date": "1967-07-01", "Index": 33.4, "Inflation": 0.3},{"Date": "1967-08-01", "Index": 33.5, "Inflation": 0.3},{"Date": "1967-09-01", "Index": 33.6, "Inflation": 0.3},{"Date": "1967-10-01", "Index": 33.7, "Inflation": 0.3},{"Date": "1967-11-01", "Index": 33.8, "Inflation": 0.3},{"Date": "1967-12-01", "Index": 33.9, "Inflation": 0.3},{"Date": "1968-01-01", "Index": 34.1, "Inflation": 0.59},{"Date": "1968-02-01", "Index": 34.2, "Inflation": 0.29},{"Date": "1968-03-01", "Index": 34.3, "Inflation": 0.29},{"Date": "1968-04-01", "Index": 34.4, "Inflation": 0.29},{"Date": "1968-05-01", "Index": 34.5, "Inflation": 0.29},{"Date": "1968-06-01", "Index": 34.7, "Inflation": 0.58},{"Date": "1968-07-01", "Index": 34.9, "Inflation": 0.58},{"Date": "1968-08-01", "Index": 35.0, "Inflation": 0.29},{"Date": "1968-09-01", "Index": 35.1, "Inflation": 0.29},{"Date": "1968-10-01", "Index": 35.3, "Inflation": 0.57},{"Date": "1968-11-01", "Index": 35.4, "Inflation": 0.28},{"Date": "1968-12-01", "Index": 35.5, "Inflation": 0.28},{"Date": "1969-01-01", "Index": 35.6, "Inflation": 0.28},{"Date": "1969-02-01", "Index": 35.8, "Inflation": 0.56},{"Date": "1969-03-01", "Index": 36.1, "Inflation": 0.84},{"Date": "1969-04-01", "Index": 36.3, "Inflation": 0.55},{"Date": "1969-05-01", "Index": 36.4, "Inflation": 0.28},{"Date": "1969-06-01", "Index": 36.6, "Inflation": 0.55},{"Date": "1969-07-01", "Index": 36.8, "Inflation": 0.55},{"Date": "1969-08-01", "Index": 37.0, "Inflation": 0.54},{"Date": "1969-09-01", "Index": 37.1, "Inflation": 0.27},{"Date": "1969-10-01", "Index": 37.3, "Inflation": 0.54},{"Date": "1969-11-01", "Index": 37.5, "Inflation": 0.54},{"Date": "1969-12-01", "Index": 37.7, "Inflation": 0.53},{"Date": "1970-01-01", "Index": 37.8, "Inflation": 0.27},{"Date": "1970-02-01", "Index": 38.0, "Inflation": 0.53},{"Date": "1970-03-01", "Index": 38.2, "Inflation": 0.53},{"Date": "1970-04-01", "Index": 38.5, "Inflation": 0.79},{"Date": "1970-05-01", "Index": 38.6, "Inflation": 0.26},{"Date": "1970-06-01", "Index": 38.8, "Inflation": 0.52},{"Date": "1970-07-01", "Index": 39.0, "Inflation": 0.52},{"Date": "1970-08-01", "Index": 39.0, "Inflation": 0.0},{"Date": "1970-09-01", "Index": 39.2, "Inflation": 0.51},{"Date": "1970-10-01", "Index": 39.4, "Inflation": 0.51},{"Date": "1970-11-01", "Index": 39.6, "Inflation": 0.51},{"Date": "1970-12-01", "Index": 39.8, "Inflation": 0.51},{"Date": "1971-01-01", "Index": 39.8, "Inflation": 0.0},{"Date": "1971-02-01", "Index": 39.9, "Inflation": 0.25},{"Date": "1971-03-01", "Index": 40.0, "Inflation": 0.25},{"Date": "1971-04-01", "Index": 40.1, "Inflation": 0.25},{"Date": "1971-05-01", "Index": 40.3, "Inflation": 0.5},{"Date": "1971-06-01", "Index": 40.6, "Inflation": 0.74},{"Date": "1971-07-01", "Index": 40.7, "Inflation": 0.25},{"Date": "1971-08-01", "Index": 40.8, "Inflation": 0.25},{"Date": "1971-09-01", "Index": 40.8, "Inflation": 0.0},{"Date": "1971-10-01", "Index": 40.9, "Inflation": 0.25},{"Date": "1971-11-01", "Index": 40.9, "Inflation": 0.0},{"Date": "1971-12-01", "Index": 41.1, "Inflation": 0.49},{"Date": "1972-01-01", "Index": 41.1, "Inflation": 0.0},{"Date": "1972-02-01", "Index": 41.3, "Inflation": 0.49},{"Date": "1972-03-01", "Index": 41.4, "Inflation": 0.24},{"Date": "1972-04-01", "Index": 41.5, "Inflation": 0.24},{"Date": "1972-05-01", "Index": 41.6, "Inflation": 0.24},{"Date": "1972-06-01", "Index": 41.7, "Inflation": 0.24},{"Date": "1972-07-01", "Index": 41.9, "Inflation": 0.48},{"Date": "1972-08-01", "Index": 42.0, "Inflation": 0.24},{"Date": "1972-09-01", "Index": 42.1, "Inflation": 0.24},{"Date": "1972-10-01", "Index": 42.3, "Inflation": 0.48},{"Date": "1972-11-01", "Index": 42.4, "Inflation": 0.24},{"Date": "1972-12-01", "Index": 42.5, "Inflation": 0.24},{"Date": "1973-01-01", "Index": 42.6, "Inflation": 0.24},{"Date": "1973-02-01", "Index": 42.9, "Inflation": 0.7},{"Date": "1973-03-01", "Index": 43.3, "Inflation": 0.93},{"Date": "1973-04-01", "Index": 43.6, "Inflation": 0.69},{"Date": "1973-05-01", "Index": 43.9, "Inflation": 0.69},{"Date": "1973-06-01", "Index": 44.2, "Inflation": 0.68},{"Date": "1973-07-01", "Index": 44.3, "Inflation": 0.23},{"Date": "1973-08-01", "Index": 45.1, "Inflation": 1.81},{"Date": "1973-09-01", "Index": 45.2, "Inflation": 0.22},{"Date": "1973-10-01", "Index": 45.6, "Inflation": 0.88},{"Date": "1973-11-01", "Index": 45.9, "Inflation": 0.66},{"Date": "1973-12-01", "Index": 46.2, "Inflation": 0.65},{"Date": "1974-01-01", "Index": 46.6, "Inflation": 0.87},{"Date": "1974-02-01", "Index": 47.2, "Inflation": 1.29},{"Date": "1974-03-01", "Index": 47.8, "Inflation": 1.27},{"Date": "1974-04-01", "Index": 48.0, "Inflation": 0.42},{"Date": "1974-05-01", "Index": 48.6, "Inflation": 1.25},{"Date": "1974-06-01", "Index": 49.0, "Inflation": 0.82},{"Date": "1974-07-01", "Index": 49.4, "Inflation": 0.82},{"Date": "1974-08-01", "Index": 50.0, "Inflation": 1.21},{"Date": "1974-09-01", "Index": 50.6, "Inflation": 1.2},{"Date": "1974-10-01", "Index": 51.1, "Inflation": 0.99},{"Date": "1974-11-01", "Index": 51.5, "Inflation": 0.78},{"Date": "1974-12-01", "Index": 51.9, "Inflation": 0.78},{"Date": "1975-01-01", "Index": 52.1, "Inflation": 0.39},{"Date": "1975-02-01", "Index": 52.5, "Inflation": 0.77},{"Date": "1975-03-01", "Index": 52.7, "Inflation": 0.38},{"Date": "1975-04-01", "Index": 52.9, "Inflation": 0.38},{"Date": "1975-05-01", "Index": 53.2, "Inflation": 0.57},{"Date": "1975-06-01", "Index": 53.6, "Inflation": 0.75},{"Date": "1975-07-01", "Index": 54.2, "Inflation": 1.12},{"Date": "1975-08-01", "Index": 54.3, "Inflation": 0.18},{"Date": "1975-09-01", "Index": 54.6, "Inflation": 0.55},{"Date": "1975-10-01", "Index": 54.9, "Inflation": 0.55},{"Date": "1975-11-01", "Index": 55.3, "Inflation": 0.73},{"Date": "1975-12-01", "Index": 55.5, "Inflation": 0.36},{"Date": "1976-01-01", "Index": 55.6, "Inflation": 0.18},{"Date": "1976-02-01", "Index": 55.8, "Inflation": 0.36},{"Date": "1976-03-01", "Index": 55.9, "Inflation": 0.18},{"Date": "1976-04-01", "Index": 56.1, "Inflation": 0.36},{"Date": "1976-05-01", "Index": 56.5, "Inflation": 0.71},{"Date": "1976-06-01", "Index": 56.8, "Inflation": 0.53},{"Date": "1976-07-01", "Index": 57.1, "Inflation": 0.53},{"Date": "1976-08-01", "Index": 57.4, "Inflation": 0.53},{"Date": "1976-09-01", "Index": 57.6, "Inflation": 0.35},{"Date": "1976-10-01", "Index": 57.9, "Inflation": 0.52},{"Date": "1976-11-01", "Index": 58.0, "Inflation": 0.17},{"Date": "1976-12-01", "Index": 58.2, "Inflation": 0.34},{"Date": "1977-01-01", "Index": 58.5, "Inflation": 0.52},{"Date": "1977-02-01", "Index": 59.1, "Inflation": 1.03},{"Date": "1977-03-01", "Index": 59.5, "Inflation": 0.68},{"Date": "1977-04-01", "Index": 60.0, "Inflation": 0.84},{"Date": "1977-05-01", "Index": 60.3, "Inflation": 0.5},{"Date": "1977-06-01", "Index": 60.7, "Inflation": 0.66},{"Date": "1977-07-01", "Index": 61.0, "Inflation": 0.49},{"Date": "1977-08-01", "Index": 61.2, "Inflation": 0.33},{"Date": "1977-09-01", "Index": 61.4, "Inflation": 0.33},{"Date": "1977-10-01", "Index": 61.6, "Inflation": 0.33},{"Date": "1977-11-01", "Index": 61.9, "Inflation": 0.49},{"Date": "1977-12-01", "Index": 62.1, "Inflation": 0.32},{"Date": "1978-01-01", "Index": 62.5, "Inflation": 0.64},{"Date": "1978-02-01", "Index": 62.9, "Inflation": 0.64},{"Date": "1978-03-01", "Index": 63.4, "Inflation": 0.79},{"Date": "1978-04-01", "Index": 63.9, "Inflation": 0.79},{"Date": "1978-05-01", "Index": 64.5, "Inflation": 0.94},{"Date": "1978-06-01", "Index": 65.2, "Inflation": 1.09},{"Date": "1978-07-01", "Index": 65.7, "Inflation": 0.77},{"Date": "1978-08-01", "Index": 66.0, "Inflation": 0.46},{"Date": "1978-09-01", "Index": 66.5, "Inflation": 0.76},{"Date": "1978-10-01", "Index": 67.1, "Inflation": 0.9},{"Date": "1978-11-01", "Index": 67.4, "Inflation": 0.45},{"Date": "1978-12-01", "Index": 67.7, "Inflation": 0.45},{"Date": "1979-01-01", "Index": 68.3, "Inflation": 0.89},{"Date": "1979-02-01", "Index": 69.1, "Inflation": 1.17},{"Date": "1979-03-01", "Index": 69.8, "Inflation": 1.01},{"Date": "1979-04-01", "Index": 70.6, "Inflation": 1.15},{"Date": "1979-05-01", "Index": 71.5, "Inflation": 1.27},{"Date": "1979-06-01", "Index": 72.3, "Inflation": 1.12},{"Date": "1979-07-01", "Index": 73.1, "Inflation": 1.11},{"Date": "1979-08-01", "Index": 73.8, "Inflation": 0.96},{"Date": "1979-09-01", "Index": 74.6, "Inflation": 1.08},{"Date": "1979-10-01", "Index": 75.2, "Inflation": 0.8},{"Date": "1979-11-01", "Index": 75.9, "Inflation": 0.93},{"Date": "1979-12-01", "Index": 76.7, "Inflation": 1.05},{"Date": "1980-01-01", "Index": 77.8, "Inflation": 1.43},{"Date": "1980-02-01", "Index": 78.9, "Inflation": 1.41},{"Date": "1980-03-01", "Index": 80.1, "Inflation": 1.52},{"Date": "1980-04-01", "Index": 81.0, "Inflation": 1.12},{"Date": "1980-05-01", "Index": 81.8, "Inflation": 0.99},{"Date": "1980-06-01", "Index": 82.7, "Inflation": 1.1},{"Date": "1980-07-01", "Index": 82.7, "Inflation": 0.0},{"Date": "1980-08-01", "Index": 83.3, "Inflation": 0.73},{"Date": "1980-09-01", "Index": 84.0, "Inflation": 0.84},{"Date": "1980-10-01", "Index": 84.8, "Inflation": 0.95},{"Date": "1980-11-01", "Index": 85.5, "Inflation": 0.83},{"Date": "1980-12-01", "Index": 86.3, "Inflation": 0.94},{"Date": "1981-01-01", "Index": 87.0, "Inflation": 0.81},{"Date": "1981-02-01", "Index": 87.9, "Inflation": 1.03},{"Date": "1981-03-01", "Index": 88.5, "Inflation": 0.68},{"Date": "1981-04-01", "Index": 89.1, "Inflation": 0.68},{"Date": "1981-05-01", "Index": 89.8, "Inflation": 0.79},{"Date": "1981-06-01", "Index": 90.6, "Inflation": 0.89},{"Date": "1981-07-01", "Index": 91.6, "Inflation": 1.1},{"Date": "1981-08-01", "Index": 92.3, "Inflation": 0.76},{"Date": "1981-09-01", "Index": 93.2, "Inflation": 0.98},{"Date": "1981-10-01", "Index": 93.4, "Inflation": 0.21},{"Date": "1981-11-01", "Index": 93.7, "Inflation": 0.32},{"Date": "1981-12-01", "Index": 94.0, "Inflation": 0.32},{"Date": "1982-01-01", "Index": 94.3, "Inflation": 0.32},{"Date": "1982-02-01", "Index": 94.6, "Inflation": 0.32},{"Date": "1982-03-01", "Index": 94.5, "Inflation": -0.11},{"Date": "1982-04-01", "Index": 94.9, "Inflation": 0.42},{"Date": "1982-05-01", "Index": 95.8, "Inflation": 0.95},{"Date": "1982-06-01", "Index": 97.0, "Inflation": 1.25},{"Date": "1982-07-01", "Index": 97.5, "Inflation": 0.52},{"Date": "1982-08-01", "Index": 97.7, "Inflation": 0.21},{"Date": "1982-09-01", "Index": 97.9, "Inflation": 0.2},{"Date": "1982-10-01", "Index": 98.2, "Inflation": 0.31},{"Date": "1982-11-01", "Index": 98.0, "Inflation": -0.2},{"Date": "1982-12-01", "Index": 97.6, "Inflation": -0.41},{"Date": "1983-01-01", "Index": 97.8, "Inflation": 0.2},{"Date": "1983-02-01", "Index": 97.9, "Inflation": 0.1},{"Date": "1983-03-01", "Index": 97.9, "Inflation": 0.0},{"Date": "1983-04-01", "Index": 98.6, "Inflation": 0.72},{"Date": "1983-05-01", "Index": 99.2, "Inflation": 0.61},{"Date": "1983-06-01", "Index": 99.5, "Inflation": 0.3},{"Date": "1983-07-01", "Index": 99.9, "Inflation": 0.4},{"Date": "1983-08-01", "Index": 100.2, "Inflation": 0.3},{"Date": "1983-09-01", "Index": 100.7, "Inflation": 0.5},{"Date": "1983-10-01", "Index": 101.0, "Inflation": 0.3},{"Date": "1983-11-01", "Index": 101.2, "Inflation": 0.2},{"Date": "1983-12-01", "Index": 101.3, "Inflation": 0.1},{"Date": "1984-01-01", "Index": 101.9, "Inflation": 0.59},{"Date": "1984-02-01", "Index": 102.4, "Inflation": 0.49},{"Date": "1984-03-01", "Index": 102.6, "Inflation": 0.2},{"Date": "1984-04-01", "Index": 103.1, "Inflation": 0.49},{"Date": "1984-05-01", "Index": 103.4, "Inflation": 0.29},{"Date": "1984-06-01", "Index": 103.7, "Inflation": 0.29},{"Date": "1984-07-01", "Index": 104.1, "Inflation": 0.39},{"Date": "1984-08-01", "Index": 104.5, "Inflation": 0.38},{"Date": "1984-09-01", "Index": 105.0, "Inflation": 0.48},{"Date": "1984-10-01", "Index": 105.3, "Inflation": 0.29},{"Date": "1984-11-01", "Index": 105.3, "Inflation": 0.0},{"Date": "1984-12-01", "Index": 105.3, "Inflation": 0.0},{"Date": "1985-01-01", "Index": 105.5, "Inflation": 0.19},{"Date": "1985-02-01", "Index": 106.0, "Inflation": 0.47},{"Date": "1985-03-01", "Index": 106.4, "Inflation": 0.38},{"Date": "1985-04-01", "Index": 106.9, "Inflation": 0.47},{"Date": "1985-05-01", "Index": 107.3, "Inflation": 0.37},{"Date": "1985-06-01", "Index": 107.6, "Inflation": 0.28},{"Date": "1985-07-01", "Index": 107.8, "Inflation": 0.19},{"Date": "1985-08-01", "Index": 108.0, "Inflation": 0.19},{"Date": "1985-09-01", "Index": 108.3, "Inflation": 0.28},{"Date": "1985-10-01", "Index": 108.7, "Inflation": 0.37},{"Date": "1985-11-01", "Index": 109.0, "Inflation": 0.28},{"Date": "1985-12-01", "Index": 109.3, "Inflation": 0.28},{"Date": "1986-01-01", "Index": 109.6, "Inflation": 0.27},{"Date": "1986-02-01", "Index": 109.3, "Inflation": -0.27},{"Date": "1986-03-01", "Index": 108.8, "Inflation": -0.46},{"Date": "1986-04-01", "Index": 108.6, "Inflation": -0.18},{"Date": "1986-05-01", "Index": 108.9, "Inflation": 0.28},{"Date": "1986-06-01", "Index": 109.5, "Inflation": 0.55},{"Date": "1986-07-01", "Index": 109.5, "Inflation": 0.0},{"Date": "1986-08-01", "Index": 109.7, "Inflation": 0.18},{"Date": "1986-09-01", "Index": 110.2, "Inflation": 0.46},{"Date": "1986-10-01", "Index": 110.3, "Inflation": 0.09},{"Date": "1986-11-01", "Index": 110.4, "Inflation": 0.09},{"Date": "1986-12-01", "Index": 110.5, "Inflation": 0.09},{"Date": "1987-01-01", "Index": 111.2, "Inflation": 0.63},{"Date": "1987-02-01", "Index": 111.6, "Inflation": 0.36},{"Date": "1987-03-01", "Index": 112.1, "Inflation": 0.45},{"Date": "1987-04-01", "Index": 112.7, "Inflation": 0.54},{"Date": "1987-05-01", "Index": 113.1, "Inflation": 0.35},{"Date": "1987-06-01", "Index": 113.5, "Inflation": 0.35},{"Date": "1987-07-01", "Index": 113.8, "Inflation": 0.26},{"Date": "1987-08-01", "Index": 114.4, "Inflation": 0.53},{"Date": "1987-09-01", "Index": 115.0, "Inflation": 0.52},{"Date": "1987-10-01", "Index": 115.3, "Inflation": 0.26},{"Date": "1987-11-01", "Index": 115.4, "Inflation": 0.09},{"Date": "1987-12-01", "Index": 115.4, "Inflation": 0.0},{"Date": "1988-01-01", "Index": 115.7, "Inflation": 0.26},{"Date": "1988-02-01", "Index": 116.0, "Inflation": 0.26},{"Date": "1988-03-01", "Index": 116.5, "Inflation": 0.43},{"Date": "1988-04-01", "Index": 117.1, "Inflation": 0.52},{"Date": "1988-05-01", "Index": 117.5, "Inflation": 0.34},{"Date": "1988-06-01", "Index": 118.0, "Inflation": 0.43},{"Date": "1988-07-01", "Index": 118.5, "Inflation": 0.42},{"Date": "1988-08-01", "Index": 119.0, "Inflation": 0.42},{"Date": "1988-09-01", "Index": 119.8, "Inflation": 0.67},{"Date": "1988-10-01", "Index": 120.2, "Inflation": 0.33},{"Date": "1988-11-01", "Index": 120.3, "Inflation": 0.08},{"Date": "1988-12-01", "Index": 120.5, "Inflation": 0.17},{"Date": "1989-01-01", "Index": 121.1, "Inflation": 0.5},{"Date": "1989-02-01", "Index": 121.6, "Inflation": 0.41},{"Date": "1989-03-01", "Index": 122.3, "Inflation": 0.58},{"Date": "1989-04-01", "Index": 123.1, "Inflation": 0.65},{"Date": "1989-05-01", "Index": 123.8, "Inflation": 0.57},{"Date": "1989-06-01", "Index": 124.1, "Inflation": 0.24},{"Date": "1989-07-01", "Index": 124.4, "Inflation": 0.24},{"Date": "1989-08-01", "Index": 124.6, "Inflation": 0.16},{"Date": "1989-09-01", "Index": 125.0, "Inflation": 0.32},{"Date": "1989-10-01", "Index": 125.6, "Inflation": 0.48},{"Date": "1989-11-01", "Index": 125.9, "Inflation": 0.24},{"Date": "1989-12-01", "Index": 126.1, "Inflation": 0.16},{"Date": "1990-01-01", "Index": 127.4, "Inflation": 1.03},{"Date": "1990-02-01", "Index": 128.0, "Inflation": 0.47},{"Date": "1990-03-01", "Index": 128.7, "Inflation": 0.55},{"Date": "1990-04-01", "Index": 128.9, "Inflation": 0.16},{"Date": "1990-05-01", "Index": 129.2, "Inflation": 0.23},{"Date": "1990-06-01", "Index": 129.9, "Inflation": 0.54},{"Date": "1990-07-01", "Index": 130.4, "Inflation": 0.38},{"Date": "1990-08-01", "Index": 131.6, "Inflation": 0.92},{"Date": "1990-09-01", "Index": 132.7, "Inflation": 0.84},{"Date": "1990-10-01", "Index": 133.5, "Inflation": 0.6},{"Date": "1990-11-01", "Index": 133.8, "Inflation": 0.22},{"Date": "1990-12-01", "Index": 133.8, "Inflation": 0.0},{"Date": "1991-01-01", "Index": 134.6, "Inflation": 0.6},{"Date": "1991-02-01", "Index": 134.8, "Inflation": 0.15},{"Date": "1991-03-01", "Index": 135.0, "Inflation": 0.15},{"Date": "1991-04-01", "Index": 135.2, "Inflation": 0.15},{"Date": "1991-05-01", "Index": 135.6, "Inflation": 0.3},{"Date": "1991-06-01", "Index": 136.0, "Inflation": 0.29},{"Date": "1991-07-01", "Index": 136.2, "Inflation": 0.15},{"Date": "1991-08-01", "Index": 136.6, "Inflation": 0.29},{"Date": "1991-09-01", "Index": 137.2, "Inflation": 0.44},{"Date": "1991-10-01", "Index": 137.4, "Inflation": 0.15},{"Date": "1991-11-01", "Index": 137.8, "Inflation": 0.29},{"Date": "1991-12-01", "Index": 137.9, "Inflation": 0.07},{"Date": "1992-01-01", "Index": 138.1, "Inflation": 0.15},{"Date": "1992-02-01", "Index": 138.6, "Inflation": 0.36},{"Date": "1992-03-01", "Index": 139.3, "Inflation": 0.51},{"Date": "1992-04-01", "Index": 139.5, "Inflation": 0.14},{"Date": "1992-05-01", "Index": 139.7, "Inflation": 0.14},{"Date": "1992-06-01", "Index": 140.2, "Inflation": 0.36},{"Date": "1992-07-01", "Index": 140.5, "Inflation": 0.21},{"Date": "1992-08-01", "Index": 140.9, "Inflation": 0.28},{"Date": "1992-09-01", "Index": 141.3, "Inflation": 0.28},{"Date": "1992-10-01", "Index": 141.8, "Inflation": 0.35},{"Date": "1992-11-01", "Index": 142.0, "Inflation": 0.14},{"Date": "1992-12-01", "Index": 141.9, "Inflation": -0.07},{"Date": "1993-01-01", "Index": 142.6, "Inflation": 0.49},{"Date": "1993-02-01", "Index": 143.1, "Inflation": 0.35},{"Date": "1993-03-01", "Index": 143.6, "Inflation": 0.35},{"Date": "1993-04-01", "Index": 144.0, "Inflation": 0.28},{"Date": "1993-05-01", "Index": 144.2, "Inflation": 0.14},{"Date": "1993-06-01", "Index": 144.4, "Inflation": 0.14},{"Date": "1993-07-01", "Index": 144.4, "Inflation": 0.0},{"Date": "1993-08-01", "Index": 144.8, "Inflation": 0.28},{"Date": "1993-09-01", "Index": 145.1, "Inflation": 0.21},{"Date": "1993-10-01", "Index": 145.7, "Inflation": 0.41},{"Date": "1993-11-01", "Index": 145.8, "Inflation": 0.07},{"Date": "1993-12-01", "Index": 145.8, "Inflation": 0.0},{"Date": "1994-01-01", "Index": 146.2, "Inflation": 0.27},{"Date": "1994-02-01", "Index": 146.7, "Inflation": 0.34},{"Date": "1994-03-01", "Index": 147.2, "Inflation": 0.34},{"Date": "1994-04-01", "Index": 147.4, "Inflation": 0.14},{"Date": "1994-05-01", "Index": 147.5, "Inflation": 0.07},{"Date": "1994-06-01", "Index": 148.0, "Inflation": 0.34},{"Date": "1994-07-01", "Index": 148.4, "Inflation": 0.27},{"Date": "1994-08-01", "Index": 149.0, "Inflation": 0.4},{"Date": "1994-09-01", "Index": 149.4, "Inflation": 0.27},{"Date": "1994-10-01", "Index": 149.5, "Inflation": 0.07},{"Date": "1994-11-01", "Index": 149.7, "Inflation": 0.13},{"Date": "1994-12-01", "Index": 149.7, "Inflation": 0.0},{"Date": "1995-01-01", "Index": 150.3, "Inflation": 0.4},{"Date": "1995-02-01", "Index": 150.9, "Inflation": 0.4},{"Date": "1995-03-01", "Index": 151.4, "Inflation": 0.33},{"Date": "1995-04-01", "Index": 151.9, "Inflation": 0.33},{"Date": "1995-05-01", "Index": 152.2, "Inflation": 0.2},{"Date": "1995-06-01", "Index": 152.5, "Inflation": 0.2},{"Date": "1995-07-01", "Index": 152.5, "Inflation": 0.0},{"Date": "1995-08-01", "Index": 152.9, "Inflation": 0.26},{"Date": "1995-09-01", "Index": 153.2, "Inflation": 0.2},{"Date": "1995-10-01", "Index": 153.7, "Inflation": 0.33},{"Date": "1995-11-01", "Index": 153.6, "Inflation": -0.07},{"Date": "1995-12-01", "Index": 153.5, "Inflation": -0.07},{"Date": "1996-01-01", "Index": 154.4, "Inflation": 0.59},{"Date": "1996-02-01", "Index": 154.9, "Inflation": 0.32},{"Date": "1996-03-01", "Index": 155.7, "Inflation": 0.52},{"Date": "1996-04-01", "Index": 156.3, "Inflation": 0.39},{"Date": "1996-05-01", "Index": 156.6, "Inflation": 0.19},{"Date": "1996-06-01", "Index": 156.7, "Inflation": 0.06},{"Date": "1996-07-01", "Index": 157.0, "Inflation": 0.19},{"Date": "1996-08-01", "Index": 157.3, "Inflation": 0.19},{"Date": "1996-09-01", "Index": 157.8, "Inflation": 0.32},{"Date": "1996-10-01", "Index": 158.3, "Inflation": 0.32},{"Date": "1996-11-01", "Index": 158.6, "Inflation": 0.19},{"Date": "1996-12-01", "Index": 158.6, "Inflation": 0.0},{"Date": "1997-01-01", "Index": 159.1, "Inflation": 0.32},{"Date": "1997-02-01", "Index": 159.6, "Inflation": 0.31},{"Date": "1997-03-01", "Index": 160.0, "Inflation": 0.25},{"Date": "1997-04-01", "Index": 160.2, "Inflation": 0.12},{"Date": "1997-05-01", "Index": 160.1, "Inflation": -0.06},{"Date": "1997-06-01", "Index": 160.3, "Inflation": 0.12},{"Date": "1997-07-01", "Index": 160.5, "Inflation": 0.12},{"Date": "1997-08-01", "Index": 160.8, "Inflation": 0.19},{"Date": "1997-09-01", "Index": 161.2, "Inflation": 0.25},{"Date": "1997-10-01", "Index": 161.6, "Inflation": 0.25},{"Date": "1997-11-01", "Index": 161.5, "Inflation": -0.06},{"Date": "1997-12-01", "Index": 161.3, "Inflation": -0.12},{"Date": "1998-01-01", "Index": 161.6, "Inflation": 0.19},{"Date": "1998-02-01", "Index": 161.9, "Inflation": 0.19},{"Date": "1998-03-01", "Index": 162.2, "Inflation": 0.19},{"Date": "1998-04-01", "Index": 162.5, "Inflation": 0.18},{"Date": "1998-05-01", "Index": 162.8, "Inflation": 0.18},{"Date": "1998-06-01", "Index": 163.0, "Inflation": 0.12},{"Date": "1998-07-01", "Index": 163.2, "Inflation": 0.12},{"Date": "1998-08-01", "Index": 163.4, "Inflation": 0.12},{"Date": "1998-09-01", "Index": 163.6, "Inflation": 0.12},{"Date": "1998-10-01", "Index": 164.0, "Inflation": 0.24},{"Date": "1998-11-01", "Index": 164.0, "Inflation": 0.0},{"Date": "1998-12-01", "Index": 163.9, "Inflation": -0.06},{"Date": "1999-01-01", "Index": 164.3, "Inflation": 0.24},{"Date": "1999-02-01", "Index": 164.5, "Inflation": 0.12},{"Date": "1999-03-01", "Index": 165.0, "Inflation": 0.3},{"Date": "1999-04-01", "Index": 166.2, "Inflation": 0.73},{"Date": "1999-05-01", "Index": 166.2, "Inflation": 0.0},{"Date": "1999-06-01", "Index": 166.2, "Inflation": 0.0},{"Date": "1999-07-01", "Index": 166.7, "Inflation": 0.3},{"Date": "1999-08-01", "Index": 167.1, "Inflation": 0.24},{"Date": "1999-09-01", "Index": 167.9, "Inflation": 0.48},{"Date": "1999-10-01", "Index": 168.2, "Inflation": 0.18},{"Date": "1999-11-01", "Index": 168.3, "Inflation": 0.06},{"Date": "1999-12-01", "Index": 168.3, "Inflation": 0.0},{"Date": "2000-01-01", "Index": 168.8, "Inflation": 0.3},{"Date": "2000-02-01", "Index": 169.8, "Inflation": 0.59},{"Date": "2000-03-01", "Index": 171.2, "Inflation": 0.82},{"Date": "2000-04-01", "Index": 171.3, "Inflation": 0.06},{"Date": "2000-05-01", "Index": 171.5, "Inflation": 0.12},{"Date": "2000-06-01", "Index": 172.4, "Inflation": 0.52},{"Date": "2000-07-01", "Index": 172.8, "Inflation": 0.23},{"Date": "2000-08-01", "Index": 172.8, "Inflation": 0.0},{"Date": "2000-09-01", "Index": 173.7, "Inflation": 0.52},{"Date": "2000-10-01", "Index": 174.0, "Inflation": 0.17},{"Date": "2000-11-01", "Index": 174.1, "Inflation": 0.06},{"Date": "2000-12-01", "Index": 174.0, "Inflation": -0.06},{"Date": "2001-01-01", "Index": 175.1, "Inflation": 0.63},{"Date": "2001-02-01", "Index": 175.8, "Inflation": 0.4},{"Date": "2001-03-01", "Index": 176.2, "Inflation": 0.23},{"Date": "2001-04-01", "Index": 176.9, "Inflation": 0.4},{"Date": "2001-05-01", "Index": 177.7, "Inflation": 0.45},{"Date": "2001-06-01", "Index": 178.0, "Inflation": 0.17},{"Date": "2001-07-01", "Index": 177.5, "Inflation": -0.28},{"Date": "2001-08-01", "Index": 177.5, "Inflation": 0.0},{"Date": "2001-09-01", "Index": 178.3, "Inflation": 0.45},{"Date": "2001-10-01", "Index": 177.7, "Inflation": -0.34},{"Date": "2001-11-01", "Index": 177.4, "Inflation": -0.17},{"Date": "2001-12-01", "Index": 176.7, "Inflation": -0.39},{"Date": "2002-01-01", "Index": 177.1, "Inflation": 0.23},{"Date": "2002-02-01", "Index": 177.8, "Inflation": 0.4},{"Date": "2002-03-01", "Index": 178.8, "Inflation": 0.56},{"Date": "2002-04-01", "Index": 179.8, "Inflation": 0.56},{"Date": "2002-05-01", "Index": 179.8, "Inflation": 0.0},{"Date": "2002-06-01", "Index": 179.9, "Inflation": 0.06},{"Date": "2002-07-01", "Index": 180.1, "Inflation": 0.11},{"Date": "2002-08-01", "Index": 180.7, "Inflation": 0.33},{"Date": "2002-09-01", "Index": 181.0, "Inflation": 0.17},{"Date": "2002-10-01", "Index": 181.3, "Inflation": 0.17},{"Date": "2002-11-01", "Index": 181.3, "Inflation": 0.0},{"Date": "2002-12-01", "Index": 180.9, "Inflation": -0.22},{"Date": "2003-01-01", "Index": 181.7, "Inflation": 0.44},{"Date": "2003-02-01", "Index": 183.1, "Inflation": 0.77},{"Date": "2003-03-01", "Index": 184.2, "Inflation": 0.6},{"Date": "2003-04-01", "Index": 183.8, "Inflation": -0.22},{"Date": "2003-05-01", "Index": 183.5, "Inflation": -0.16},{"Date": "2003-06-01", "Index": 183.7, "Inflation": 0.11},{"Date": "2003-07-01", "Index": 183.9, "Inflation": 0.11},{"Date": "2003-08-01", "Index": 184.6, "Inflation": 0.38},{"Date": "2003-09-01", "Index": 185.2, "Inflation": 0.33},{"Date": "2003-10-01", "Index": 185.0, "Inflation": -0.11},{"Date": "2003-11-01", "Index": 184.5, "Inflation": -0.27},{"Date": "2003-12-01", "Index": 184.3, "Inflation": -0.11},{"Date": "2004-01-01", "Index": 185.2, "Inflation": 0.49},{"Date": "2004-02-01", "Index": 186.2, "Inflation": 0.54},{"Date": "2004-03-01", "Index": 187.4, "Inflation": 0.64},{"Date": "2004-04-01", "Index": 188.0, "Inflation": 0.32},{"Date": "2004-05-01", "Index": 189.1, "Inflation": 0.59},{"Date": "2004-06-01", "Index": 189.7, "Inflation": 0.32},{"Date": "2004-07-01", "Index": 189.4, "Inflation": -0.16},{"Date": "2004-08-01", "Index": 189.5, "Inflation": 0.05},{"Date": "2004-09-01", "Index": 189.9, "Inflation": 0.21},{"Date": "2004-10-01", "Index": 190.9, "Inflation": 0.53},{"Date": "2004-11-01", "Index": 191.0, "Inflation": 0.05},{"Date": "2004-12-01", "Index": 190.3, "Inflation": -0.37},{"Date": "2005-01-01", "Index": 190.7, "Inflation": 0.21},{"Date": "2005-02-01", "Index": 191.8, "Inflation": 0.58},{"Date": "2005-03-01", "Index": 193.3, "Inflation": 0.78},{"Date": "2005-04-01", "Index": 194.6, "Inflation": 0.67},{"Date": "2005-05-01", "Index": 194.4, "Inflation": -0.1},{"Date": "2005-06-01", "Index": 194.5, "Inflation": 0.05},{"Date": "2005-07-01", "Index": 195.4, "Inflation": 0.46},{"Date": "2005-08-01", "Index": 196.4, "Inflation": 0.51},{"Date": "2005-09-01", "Index": 198.8, "Inflation": 1.22},{"Date": "2005-10-01", "Index": 199.2, "Inflation": 0.2},{"Date": "2005-11-01", "Index": 197.6, "Inflation": -0.8},{"Date": "2005-12-01", "Index": 196.8, "Inflation": -0.4},{"Date": "2006-01-01", "Index": 198.3, "Inflation": 0.76},{"Date": "2006-02-01", "Index": 198.7, "Inflation": 0.2},{"Date": "2006-03-01", "Index": 199.8, "Inflation": 0.55},{"Date": "2006-04-01", "Index": 201.5, "Inflation": 0.85},{"Date": "2006-05-01", "Index": 202.5, "Inflation": 0.5},{"Date": "2006-06-01", "Index": 202.9, "Inflation": 0.2},{"Date": "2006-07-01", "Index": 203.5, "Inflation": 0.3},{"Date": "2006-08-01", "Index": 203.9, "Inflation": 0.2},{"Date": "2006-09-01", "Index": 202.9, "Inflation": -0.49},{"Date": "2006-10-01", "Index": 201.8, "Inflation": -0.54},{"Date": "2006-11-01", "Index": 201.5, "Inflation": -0.15},{"Date": "2006-12-01", "Index": 201.8, "Inflation": 0.15},{"Date": "2007-01-01", "Index": 202.416, "Inflation": 0.31},{"Date": "2007-02-01", "Index": 203.499, "Inflation": 0.54},{"Date": "2007-03-01", "Index": 205.352, "Inflation": 0.91},{"Date": "2007-04-01", "Index": 206.686, "Inflation": 0.65},{"Date": "2007-05-01", "Index": 207.949, "Inflation": 0.61},{"Date": "2007-06-01", "Index": 208.352, "Inflation": 0.19},{"Date": "2007-07-01", "Index": 208.299, "Inflation": -0.03},{"Date": "2007-08-01", "Index": 207.917, "Inflation": -0.18},{"Date": "2007-09-01", "Index": 208.49, "Inflation": 0.28},{"Date": "2007-10-01", "Index": 208.936, "Inflation": 0.21},{"Date": "2007-11-01", "Index": 210.177, "Inflation": 0.59},{"Date": "2007-12-01", "Index": 210.036, "Inflation": -0.07},{"Date": "2008-01-01", "Index": 211.08, "Inflation": 0.5},{"Date": "2008-02-01", "Index": 211.693, "Inflation": 0.29},{"Date": "2008-03-01", "Index": 213.528, "Inflation": 0.87},{"Date": "2008-04-01", "Index": 214.823, "Inflation": 0.61},{"Date": "2008-05-01", "Index": 216.632, "Inflation": 0.84},{"Date": "2008-06-01", "Index": 218.815, "Inflation": 1.01},{"Date": "2008-07-01", "Index": 219.964, "Inflation": 0.53},{"Date": "2008-08-01", "Index": 219.086, "Inflation": -0.4},{"Date": "2008-09-01", "Index": 218.783, "Inflation": -0.14},{"Date": "2008-10-01", "Index": 216.573, "Inflation": -1.01},{"Date": "2008-11-01", "Index": 212.425, "Inflation": -1.92},{"Date": "2008-12-01", "Index": 210.228, "Inflation": -1.03},{"Date": "2009-01-01", "Index": 211.143, "Inflation": 0.44},{"Date": "2009-02-01", "Index": 212.193, "Inflation": 0.5},{"Date": "2009-03-01", "Index": 212.709, "Inflation": 0.24},{"Date": "2009-04-01", "Index": 213.24, "Inflation": 0.25},{"Date": "2009-05-01", "Index": 213.856, "Inflation": 0.29},{"Date": "2009-06-01", "Index": 215.693, "Inflation": 0.86},{"Date": "2009-07-01", "Index": 215.351, "Inflation": -0.16},{"Date": "2009-08-01", "Index": 215.834, "Inflation": 0.22},{"Date": "2009-09-01", "Index": 215.969, "Inflation": 0.06},{"Date": "2009-10-01", "Index": 216.177, "Inflation": 0.1},{"Date": "2009-11-01", "Index": 216.33, "Inflation": 0.07},{"Date": "2009-12-01", "Index": 215.949, "Inflation": -0.18},{"Date": "2010-01-01", "Index": 216.687, "Inflation": 0.34},{"Date": "2010-02-01", "Index": 216.741, "Inflation": 0.02},{"Date": "2010-03-01", "Index": 217.631, "Inflation": 0.41},{"Date": "2010-04-01", "Index": 218.009, "Inflation": 0.17},{"Date": "2010-05-01", "Index": 218.178, "Inflation": 0.08},{"Date": "2010-06-01", "Index": 217.965, "Inflation": -0.1},{"Date": "2010-07-01", "Index": 218.011, "Inflation": 0.02},{"Date": "2010-08-01", "Index": 218.312, "Inflation": 0.14},{"Date": "2010-09-01", "Index": 218.439, "Inflation": 0.06},{"Date": "2010-10-01", "Index": 218.711, "Inflation": 0.12},{"Date": "2010-11-01", "Index": 218.803, "Inflation": 0.04},{"Date": "2010-12-01", "Index": 219.179, "Inflation": 0.17},{"Date": "2011-01-01", "Index": 220.223, "Inflation": 0.48},{"Date": "2011-02-01", "Index": 221.309, "Inflation": 0.49},{"Date": "2011-03-01", "Index": 223.467, "Inflation": 0.98},{"Date": "2011-04-01", "Index": 224.906, "Inflation": 0.64},{"Date": "2011-05-01", "Index": 225.964, "Inflation": 0.47},{"Date": "2011-06-01", "Index": 225.722, "Inflation": -0.11},{"Date": "2011-07-01", "Index": 225.922, "Inflation": 0.09},{"Date": "2011-08-01", "Index": 226.545, "Inflation": 0.28},{"Date": "2011-09-01", "Index": 226.889, "Inflation": 0.15},{"Date": "2011-10-01", "Index": 226.421, "Inflation": -0.21},{"Date": "2011-11-01", "Index": 226.23, "Inflation": -0.08},{"Date": "2011-12-01", "Index": 225.672, "Inflation": -0.25},{"Date": "2012-01-01", "Index": 226.665, "Inflation": 0.44},{"Date": "2012-02-01", "Index": 227.663, "Inflation": 0.44},{"Date": "2012-03-01", "Index": 229.392, "Inflation": 0.76},{"Date": "2012-04-01", "Index": 230.085, "Inflation": 0.3},{"Date": "2012-05-01", "Index": 229.815, "Inflation": -0.12},{"Date": "2012-06-01", "Index": 229.478, "Inflation": -0.15},{"Date": "2012-07-01", "Index": 229.104, "Inflation": -0.16},{"Date": "2012-08-01", "Index": 230.379, "Inflation": 0.56},{"Date": "2012-09-01", "Index": 231.407, "Inflation": 0.45},{"Date": "2012-10-01", "Index": 231.317, "Inflation": -0.04},{"Date": "2012-11-01", "Index": 230.221, "Inflation": -0.47},{"Date": "2012-12-01", "Index": 229.601, "Inflation": -0.27},{"Date": "2013-01-01", "Index": 230.28, "Inflation": 0.3},{"Date": "2013-02-01", "Index": 232.166, "Inflation": 0.82},{"Date": "2013-03-01", "Index": 232.773, "Inflation": 0.26},{"Date": "2013-04-01", "Index": 232.531, "Inflation": -0.1},{"Date": "2013-05-01", "Index": 232.945, "Inflation": 0.18},{"Date": "2013-06-01", "Index": 233.504, "Inflation": 0.24},{"Date": "2013-07-01", "Index": 233.596, "Inflation": 0.04},{"Date": "2013-08-01", "Index": 233.877, "Inflation": 0.12},{"Date": "2013-09-01", "Index": 234.149, "Inflation": 0.12},{"Date": "2013-10-01", "Index": 233.546, "Inflation": -0.26},{"Date": "2013-11-01", "Index": 233.069, "Inflation": -0.2},{"Date": "2013-12-01", "Index": 233.049, "Inflation": -0.01},{"Date": "2014-01-01", "Index": 233.916, "Inflation": 0.37}]