{
  "bytes": 298427,
  "datahub": {
    "created": "2017-11-09T00:43:15.386556",
    "findability": "published",
    "flowid": "core/house-prices-us/7",
    "modified": "2018-03-15T06:34:50.782692",
    "owner": "core",
    "ownerid": "core"
  },
  "hash": "8c406eaa15322052828e6e9ddf2c4a53",
  "id": "core/house-prices-us",
  "keywords": [
    "Indicator",
    "House Prices",
    "US"
  ],
  "licenses": [
    {
      "name": "public_domain_dedication_and_license",
      "url": "http://opendatacommons.org/licenses/pddl/1.0/"
    }
  ],
  "name": "house-prices-us",
  "resources": [
    {
      "bytes": 53526,
      "datahub": {
        "type": "original"
      },
      "description": "Case-Shiller US home price index levels at national and city level. Monthly.",
      "dpp:streamedFrom": "https://s3.amazonaws.com/rawstore.datahub.io/2d6b919dbb2fe8e03c7a7aceb267b765.csv",
      "encoding": "utf-8",
      "format": "csv",
      "name": "cities_original",
      "path": "archive/cities.csv",
      "periodicity": "month",
      "profile": "data-resource",
      "schema": {
        "fields": [
          {
            "format": "any",
            "name": "Date",
            "type": "date"
          },
          {
            "name": "AZ-Phoenix",
            "type": "number"
          },
          {
            "name": "CA-Los Angeles",
            "type": "number"
          },
          {
            "name": "CA-San Diego",
            "type": "number"
          },
          {
            "name": "CA-San Francisco",
            "type": "number"
          },
          {
            "name": "CO-Denver",
            "type": "number"
          },
          {
            "name": "DC-Washington",
            "type": "number"
          },
          {
            "name": "FL-Miami",
            "type": "number"
          },
          {
            "name": "FL-Tampa",
            "type": "number"
          },
          {
            "name": "GA-Atlanta",
            "type": "number"
          },
          {
            "name": "IL-Chicago",
            "type": "number"
          },
          {
            "name": "MA-Boston",
            "type": "number"
          },
          {
            "name": "MI-Detroit",
            "type": "number"
          },
          {
            "name": "MN-Minneapolis",
            "type": "number"
          },
          {
            "name": "NC-Charlotte",
            "type": "number"
          },
          {
            "name": "NV-Las Vegas",
            "type": "number"
          },
          {
            "name": "NY-New York",
            "type": "number"
          },
          {
            "name": "OH-Cleveland",
            "type": "number"
          },
          {
            "name": "OR-Portland",
            "type": "number"
          },
          {
            "name": "TX-Dallas",
            "type": "number"
          },
          {
            "name": "WA-Seattle",
            "type": "number"
          },
          {
            "name": "Composite-10",
            "type": "number"
          },
          {
            "name": "Composite-20",
            "type": "number"
          },
          {
            "name": "National-US",
            "type": "number"
          }
        ]
      },
      "sources": [
        {
          "name": "Home Price Index Levels",
          "title": "Home Price Index Levels",
          "web": "http://www.spindices.com/documents/additionalinfo/20140826-107542/107542_cshomeprice-history-0826.xls?force_download=true"
        }
      ]
    },
    {
      "bytes": 765,
      "datahub": {
        "type": "derived/report"
      },
      "description": "Validation report for tabular data",
      "dpp:streamedFrom": "/tmp/tmp1pg_ap5i/core/house-prices-us/validation_report/data/460ba382bae661a1dfb046d3aa5b8f16/validation_report.json",
      "encoding": "utf-8",
      "format": "json",
      "hash": "460ba382bae661a1dfb046d3aa5b8f16",
      "name": "validation_report",
      "path": "data/validation_report.json",
      "profile": "data-resource"
    },
    {
      "bytes": 53526,
      "datahub": {
        "derivedFrom": [
          "cities"
        ],
        "type": "derived/csv"
      },
      "description": "Case-Shiller US home price index levels at national and city level. Monthly.",
      "dialect": {
        "delimiter": ",",
        "doubleQuote": true,
        "lineTerminator": "\r\n",
        "quoteChar": "\"",
        "skipInitialSpace": false
      },
      "dpp:streamedFrom": "/tmp/tmp1pg_ap5i/core/house-prices-us/cities_csv/data/758de7e4ad5394e49076081d89c9ecb9/cities_csv.csv",
      "encoding": "utf-8",
      "format": "csv",
      "hash": "758de7e4ad5394e49076081d89c9ecb9",
      "name": "cities_csv",
      "path": "data/cities_csv.csv",
      "periodicity": "month",
      "profile": "data-resource",
      "rowcount": 348,
      "schema": {
        "fields": [
          {
            "format": "%Y-%m-%d",
            "name": "Date",
            "type": "date"
          },
          {
            "decimalChar": ".",
            "groupChar": "",
            "name": "AZ-Phoenix",
            "type": "number"
          },
          {
            "decimalChar": ".",
            "groupChar": "",
            "name": "CA-Los Angeles",
            "type": "number"
          },
          {
            "decimalChar": ".",
            "groupChar": "",
            "name": "CA-San Diego",
            "type": "number"
          },
          {
            "decimalChar": ".",
            "groupChar": "",
            "name": "CA-San Francisco",
            "type": "number"
          },
          {
            "decimalChar": ".",
            "groupChar": "",
            "name": "CO-Denver",
            "type": "number"
          },
          {
            "decimalChar": ".",
            "groupChar": "",
            "name": "DC-Washington",
            "type": "number"
          },
          {
            "decimalChar": ".",
            "groupChar": "",
            "name": "FL-Miami",
            "type": "number"
          },
          {
            "decimalChar": ".",
            "groupChar": "",
            "name": "FL-Tampa",
            "type": "number"
          },
          {
            "decimalChar": ".",
            "groupChar": "",
            "name": "GA-Atlanta",
            "type": "number"
          },
          {
            "decimalChar": ".",
            "groupChar": "",
            "name": "IL-Chicago",
            "type": "number"
          },
          {
            "decimalChar": ".",
            "groupChar": "",
            "name": "MA-Boston",
            "type": "number"
          },
          {
            "decimalChar": ".",
            "groupChar": "",
            "name": "MI-Detroit",
            "type": "number"
          },
          {
            "decimalChar": ".",
            "groupChar": "",
            "name": "MN-Minneapolis",
            "type": "number"
          },
          {
            "decimalChar": ".",
            "groupChar": "",
            "name": "NC-Charlotte",
            "type": "number"
          },
          {
            "decimalChar": ".",
            "groupChar": "",
            "name": "NV-Las Vegas",
            "type": "number"
          },
          {
            "decimalChar": ".",
            "groupChar": "",
            "name": "NY-New York",
            "type": "number"
          },
          {
            "decimalChar": ".",
            "groupChar": "",
            "name": "OH-Cleveland",
            "type": "number"
          },
          {
            "decimalChar": ".",
            "groupChar": "",
            "name": "OR-Portland",
            "type": "number"
          },
          {
            "decimalChar": ".",
            "groupChar": "",
            "name": "TX-Dallas",
            "type": "number"
          },
          {
            "decimalChar": ".",
            "groupChar": "",
            "name": "WA-Seattle",
            "type": "number"
          },
          {
            "decimalChar": ".",
            "groupChar": "",
            "name": "Composite-10",
            "type": "number"
          },
          {
            "decimalChar": ".",
            "groupChar": "",
            "name": "Composite-20",
            "type": "number"
          },
          {
            "decimalChar": ".",
            "groupChar": "",
            "name": "National-US",
            "type": "number"
          }
        ]
      },
      "signed": true,
      "sources": [
        {
          "name": "Home Price Index Levels",
          "title": "Home Price Index Levels",
          "web": "http://www.spindices.com/documents/additionalinfo/20140826-107542/107542_cshomeprice-history-0826.xls?force_download=true"
        }
      ]
    },
    {
      "bytes": 187799,
      "datahub": {
        "derivedFrom": [
          "cities"
        ],
        "type": "derived/json"
      },
      "description": "Case-Shiller US home price index levels at national and city level. Monthly.",
      "dpp:streamedFrom": "/tmp/tmp1pg_ap5i/core/house-prices-us/cities_json/data/fdb183dfcd2ac5b1525f4b1ca2634880/cities_json.json",
      "encoding": "utf-8",
      "format": "json",
      "hash": "fdb183dfcd2ac5b1525f4b1ca2634880",
      "name": "cities_json",
      "path": "data/cities_json.json",
      "periodicity": "month",
      "profile": "data-resource",
      "rowcount": 348,
      "schema": {
        "fields": [
          {
            "format": "%Y-%m-%d",
            "name": "Date",
            "type": "date"
          },
          {
            "name": "AZ-Phoenix",
            "type": "number"
          },
          {
            "name": "CA-Los Angeles",
            "type": "number"
          },
          {
            "name": "CA-San Diego",
            "type": "number"
          },
          {
            "name": "CA-San Francisco",
            "type": "number"
          },
          {
            "name": "CO-Denver",
            "type": "number"
          },
          {
            "name": "DC-Washington",
            "type": "number"
          },
          {
            "name": "FL-Miami",
            "type": "number"
          },
          {
            "name": "FL-Tampa",
            "type": "number"
          },
          {
            "name": "GA-Atlanta",
            "type": "number"
          },
          {
            "name": "IL-Chicago",
            "type": "number"
          },
          {
            "name": "MA-Boston",
            "type": "number"
          },
          {
            "name": "MI-Detroit",
            "type": "number"
          },
          {
            "name": "MN-Minneapolis",
            "type": "number"
          },
          {
            "name": "NC-Charlotte",
            "type": "number"
          },
          {
            "name": "NV-Las Vegas",
            "type": "number"
          },
          {
            "name": "NY-New York",
            "type": "number"
          },
          {
            "name": "OH-Cleveland",
            "type": "number"
          },
          {
            "name": "OR-Portland",
            "type": "number"
          },
          {
            "name": "TX-Dallas",
            "type": "number"
          },
          {
            "name": "WA-Seattle",
            "type": "number"
          },
          {
            "name": "Composite-10",
            "type": "number"
          },
          {
            "name": "Composite-20",
            "type": "number"
          },
          {
            "name": "National-US",
            "type": "number"
          }
        ]
      },
      "signed": true,
      "sources": [
        {
          "name": "Home Price Index Levels",
          "title": "Home Price Index Levels",
          "web": "http://www.spindices.com/documents/additionalinfo/20140826-107542/107542_cshomeprice-history-0826.xls?force_download=true"
        }
      ]
    },
    {
      "bytes": 2811,
      "dpp:streamedFrom": "/tmp/tmpt9lgrb2g/README.md",
      "format": "md",
      "name": "readme",
      "path": "README.md"
    }
  ],
  "sources": [
    {
      "name": "Standard and Poors Case-Shiller Indices",
      "title": "Standard and Poors Case-Shiller Indices",
      "web": "http://www.spindices.com/indices/real-estate/sp-case-shiller-us-national-home-price-index"
    }
  ],
  "title": "US House Price Index (Case-Shiller)",
  "views": [
    {
      "name": "graph",
      "spec": {
        "group": "Date",
        "series": [
          "National-US"
        ],
        "type": "lines-and-points"
      },
      "specType": "simple",
      "title": "US House Price Index (Case-Shiller)"
    }
  ]
}